0,2,Country of Origin,Number of Bags,Farm Name,Bag Weight,Lot Number,In-Country Partner,Mill,Harvest Year,ICO Number,Company,Owner,Altitude,Variety,Region,Status,Producer,Processing Method,Aroma,Uniformity,Flavor,Clean Cup,Aftertaste,Sweetness,Acidity,Overall,Body,Defects,Balance,Total Cup Points,Moisture,Color,Category One Defects,Category Two Defects,Quakers,Expiration,Certification Body,Certification Address,Certification Contact,Cupper Points,Grading Date
1,3,Thailand,3,Pichet Klaphithak,20 kg,TCE,Coffee Quality Institute,Big Black Box's Dry Mill Plant Sai Noi District,2023 / 2024,Grading Date,"18,Ngop, Thung Chang ,Nan, 55130",Pichet Klaphithak,1403,Gesha,"Ngop, Thung Chang, Nan",Completed,Pichet Klaphithak,Natural / Dry,8.5,10.0,8.42,10.0,8.5,10.0,8.33,8.5,8.17,0.0,8.33,88.75,10 %,Green-Yellow,0 full defects,1 full defects,0,"September 19th, 2025",Coffee Quality Institute,For project use only,Coffee Quality Institute - For project use only,8.5,
1,3,Thailand,2,Ching Saethao,25 kg,TCE,Coffee Quality Institute,Big Black Box Dry Mill Plant,2023 / 2024,Grading Date,"145,Ngop, Thung Chang ,Nan, 55130",Ching Saethso,1350,Gesha,Nan,Completed,Ching Saethao,Pulped natural / honey,8.58,10.0,8.5,10.0,8.33,10.0,8.42,8.5,8.17,0.0,8.25,88.75,9.3 %,,0 full defects,1 full defects,0,"September 19th, 2025",Coffee Quality Institute,For project use only,Coffee Quality Institute - For project use only,8.5,
1,3,Brazil,3,Fazenda Guariroba,10 kg,RR24009,Coffee Quality Union,Fazenda Guariroba,2023,Grading Date,ROLLING ROASTERS,ROLLING ROASTERS,1100,Gesha,Minas Gerais,Completed,Homero Aguiar Paiva,Natural Fermentation / Sundried,8.5,10.0,8.5,10.0,8.25,10.0,8.42,8.42,8.25,0.0,8.17,88.5,10.8 %,Yellow green,0 full defects,2 full defects,1,"May 6th, 2025",Coffee Quality Union,3-24-9 Saiwai Otaru Hokkaido,Sakiko Kabeyama -,8.42,
1,3,Thailand,1,Coffee De Hmong Bio Farm,10 kg,2024,Specialty Coffee Institute of Thailand,Coffee De Hmong Roaster,2019 / 2020,Grading Date,Coffee De Hmong Bio Farm,Wichai Kamnerdmongkhon,1443,Gesha,เอเชีย,Completed,Wichai kamnerdmongkon,Washed / Wet,8.67,10.0,8.5,10.0,8.33,10.0,8.0,8.42,8.08,0.0,8.33,88.33,11.2 %,,0 full defects,0 full defects,0,"October 29th, 2025",Specialty Coffee Institute of Thailand,"No.76-82 Satri Wittaya 2 Soi 6, Ladplao, Bangkok 10230 Thailand","Rinlapat Siwachairot - +66 2 118 0811, +66 926462492",8.42,
1,3,Thailand,2,Wichai Kamnerdmongkon,25 kg,TCE,Coffee Quality Institute,Big Black Box's Dry Mill Plant Sai Noi District,2023 / 2024,Grading Date,Coffee De Hmong Bio Farm,Wichai Kamnerdmongkhon,1445,Gesha,"Ngop, Thung Chang, Nan",Completed,Wichai Kamnerdmongkon,Washed / Wet,8.42,10.0,8.58,10.0,8.33,10.0,8.17,8.5,8.08,0.0,8.17,88.25,9.9 %,,0 full defects,1 full defects,0,"September 19th, 2025",Coffee Quality Institute,For project use only,Coffee Quality Institute - For project use only,8.5,
1,3,Thailand,2,Napaporn Kamnoedmongkhon,25 kg,TCE,Coffee Quality Institute,Big Black Box Dry Mill Plant,2023 / 2024,Grading Date,"265,Ngop, Thung Chang ,Nan, 55130",Napaporn Kamnoedmongkhon,1445,Gesha,"Thung Chang,Nan",Completed,Napaporn Kamnoedmongkhon,Pulped natural / honey,8.33,10.0,8.42,10.0,8.33,10.0,8.25,8.42,8.08,0.0,8.25,88.08,10.2 %,,0 full defects,0 full defects,0,"September 19th, 2025",Coffee Quality Institute,For project use only,Coffee Quality Institute - For project use only,8.42,
1,3,Thailand,2,Doi Tung Development Project,1 kg,Gesha 23/24 (Coffea Arabica),FABB Academy of Coffee,Dry Mill,2023 / 2024,Grading Date,Doi Tung Development Project,Doi Tung Development Project,1200-1580,Gesha,North of Thailand,Completed,Doi Tung Development Project,Washed / Wet,8.67,10.0,8.33,10.0,8.17,10.0,8.17,8.33,8.17,0.0,8.25,88.08,10.8 %,Green,0 full defects,1 full defects,0,"June 26th, 2025",FABB Academy of Coffee,"FABB ACADEMY OF COFFEE 259/313 SUKHUMVIT 71 RD., SOI PRIDI BANOMYONG 15, VHADANA BKK, 10110 THAILAND",Janejira Kamonsawedkun - +(66) 095 095 9593,8.33,
1,3,Ethiopia,12,KONGA,60 kg,NATURAL YIRGACHEFFE KONGA G1,METAD Agricultural Development plc,TRACON PROCESSING MILL,2023 / 2024,0230A,kebir coffee,kebir coffee,1900,Ethiopian Yirgacheffe,YIRGACHEFFE KONGA,Completed,KEBIR COFFEE,Natural / Dry,8.17,10.0,8.33,10.0,8.17,10.0,8.42,8.42,8.17,0.0,8.33,88.0,10 %,Yellow Green,0 full defects,11 full defects,7,"June 24th, 2025",METAD Agricultural Development plc,"BAWA Center, 3rd Floor (Gerji), Addis Ababa, Ethiopia","Aman Adinew (Emebet Dinku) - +251-116-292534, +251-911-519196",8.42,"June 24th, 2024"
1,3,Ethiopia,6,ARICHA,60 kg,NATURAL YIRGACHEFFE ARICHA G1,METAD Agricultural Development plc,TRACON PROCESSING MILL,2023 / 2024,0231A,kebir coffee,kebir coffee,1900,Ethiopian Yirgacheffe,YIRGACHEFFE ARICHA,Completed,KEBIR COFFEE,Natural / Dry,8.08,10.0,8.42,10.0,8.17,10.0,8.42,8.25,8.33,0.0,8.25,87.92,9.9 %,Yellow Green,0 full defects,9 full defects,4,"June 24th, 2025",METAD Agricultural Development plc,"BAWA Center, 3rd Floor (Gerji), Addis Ababa, Ethiopia","Aman Adinew (Emebet Dinku) - +251-116-292534, +251-911-519196",8.25,"June 24th, 2024"
1,3,Thailand,2,Wicha Saenrungarun,25 kg,TCE,Coffee Quality Institute,Big Black Box Dry Mill Plant,2023 / 2024,Grading Date,"145,Ngop, Thung Chang ,Nan, 55130",Wicha Saenrungarun,1550,Gesha,"Thung Chang, Nan",Completed,Wicha Saenrungarun,Pulped natural / honey,8.58,10.0,8.25,10.0,8.25,10.0,8.17,8.33,8.17,0.0,8.17,87.92,10.1 %,yellow green,0 full defects,4 full defects,0,"September 19th, 2025",Coffee Quality Institute,For project use only,Coffee Quality Institute - For project use only,8.33,
1,3,Thailand,10,SOFT Coffee,25 kg,Special Lot,Coffee Quality Institute,PANA Coffee,2023 / 2024,Grading Date,SOFT Coffee,Wish Junprasert,1200,"Catimor, Typica, Bourbon","Omkoi, Chiang Mai",Completed,Wish Junprasert,Dry Carbonic,8.58,10.0,8.42,10.0,8.0,10.0,8.25,8.33,8.0,0.0,8.17,87.75,10.9 %,,0 full defects,1 full defects,0,"April 5th, 2025",Coffee Quality Institute,For project use only,Coffee Quality Institute - For project use only,8.33,
1,3,Thailand,2,Doi Tung Development Project,1 kg,Typica 23/24 (Coffea Arabica),FABB Academy of Coffee,Dry Mill,2023 / 2024,Grading Date,Doi Tung Development Project,Doi Tung Development Project,1300-1500,Typica,North of Thailand,Completed,Doi Tung Development Project,Washed / Wet,8.08,10.0,8.33,10.0,8.42,10.0,8.17,8.33,8.08,0.0,8.17,87.58,10.2 %,Green,0 full defects,0 full defects,0,"June 26th, 2025",FABB Academy of Coffee,"FABB ACADEMY OF COFFEE 259/313 SUKHUMVIT 71 RD., SOI PRIDI BANOMYONG 15, VHADANA BKK, 10110 THAILAND",Janejira Kamonsawedkun - +(66) 095 095 9593,8.33,
1,3,Thailand,2,Doi Tung Development Project,1 kg,Gayo NAT 23/24 (Coffea Arabica),FABB Academy of Coffee,Dry Mill,2023 / 2024,Grading Date,Doi Tung Development Project,Doi Tung Development Project,1300-1500,Gayo,North of Thailand,Completed,Doi Tung Development Project,Natural / Dry,8.25,10.0,8.42,10.0,8.0,10.0,8.25,8.25,8.25,0.0,8.17,87.58,10.8 %,Cream /Brown,0 full defects,0 full defects,0,"June 26th, 2025",FABB Academy of Coffee,"FABB ACADEMY OF COFFEE 259/313 SUKHUMVIT 71 RD., SOI PRIDI BANOMYONG 15, VHADANA BKK, 10110 THAILAND",Janejira Kamonsawedkun - +(66) 095 095 9593,8.25,
1,3,Thailand,3,Yosniyom Mae Daet Noi,33 kg,Special Lot,Coffee Quality Institute,CMU Mill,2023 / 2024,Grading Date,Yosniyom Mae Daet Noi,Nathagrid Somboonkhamchoo,1250,"Catimor, Typica","Mae Daet Noi, Chiang Mai",Completed,Nathagrid Somboonkhamchoo,Natural / Dry,8.5,10.0,8.42,10.0,7.83,10.0,8.17,8.25,8.08,0.0,8.25,87.5,11 %,,0 full defects,2 full defects,0,"April 5th, 2025",Coffee Quality Institute,For project use only,Coffee Quality Institute - For project use only,8.25,
1,3,Thailand,10,SOFT Coffee,25 kg,Special Lot,Coffee Quality Institute,Mr. Dang's Farm,2023 / 2024,Grading Date,SOFT Coffee,Wish Junprasert,1200,"Catimor, Typica, Bourbon","Omkoi, Chiang Mai",Completed,Wish Junprasert,Natural / Dry,8.17,10.0,8.42,10.0,8.0,10.0,8.25,8.33,8.17,0.0,8.08,87.42,10.1 %,,0 full defects,0 full defects,0,"April 5th, 2025",Coffee Quality Institute,For project use only,Coffee Quality Institute - For project use only,8.33,
1,3,Thailand,1,Nan Coff,20 kg,Special Rare Lot,Coffee Quality Institute,Nan Coff,2023 / 2024,Grading Date,Nan Coff,Tanagrit Rungpokinan,1270,Gesha,"Tha Wang Pha, Nan",Completed,Tanagrit Rungpokinan,Washed / Wet,8.33,10.0,8.5,10.0,8.0,10.0,8.08,8.33,8.08,0.0,8.08,87.42,10.6 %,,0 full defects,0 full defects,0,"April 5th, 2025",Coffee Quality Institute,For project use only,Coffee Quality Institute - For project use only,8.33,
1,3,Thailand,3,Rawat Yodon,20 kg,TCE,Coffee Quality Institute,Big Black Box's Dry Mill Plant Sai Noi District,2023 / 2024,Grading Date,"250,Ngop, Thung Chang ,Nan, 55130",Rawat Yodon,1500,other,"Ngop, Thung Chang, Nan",Completed,Rawat Yodon,Natural / Dry,8.33,10.0,8.33,10.0,8.08,10.0,8.33,8.17,8.0,0.0,8.08,87.33,10.5 %,,0 full defects,0 full defects,0,"September 19th, 2025",Coffee Quality Institute,For project use only,Coffee Quality Institute - For project use only,8.17,
1,3,Thailand,3,Yodying Phichayawanit,20 kg,TCE,Coffee Quality Institute,Big Black Box's Dry Mill Plant Sai Noi District,2023 / 2024,Grading Date,"45 Moo.11,Ban Manee Pruek,Ngop, Thung Chang ,Nan, 55130",Yodying Phichayawanit,1200,Gesha,"Ngop, Thung Chang, Nan",Completed,Yodying Phichayawanit,Natural / Dry,8.33,10.0,8.42,10.0,8.17,10.0,8.0,8.25,8.08,0.0,8.08,87.33,9.5 %,Yellow-Green,0 full defects,2 full defects,0,"September 19th, 2025",Coffee Quality Institute,For project use only,Coffee Quality Institute - For project use only,8.25,
1,3,Thailand,21,Ma Family Coffee Farm,50 kg,May Big Lot,Coffee Quality Institute,Ma Family Coffee,2023 / 2024,Grading Date,Ma-Family Coffee Farm,Asadawoot Yapaenggoo,1270,Catimor,"Pangkhon, Chiang Rai",Completed,Asadawoot Yapanggoo,Natural / Dry,8.42,10.0,8.33,10.0,8.0,10.0,8.25,8.17,8.17,0.0,8.0,87.33,9.9 %,,0 full defects,3 full defects,0,"July 12th, 2025",Coffee Quality Institute,For project use only,Coffee Quality Institute - For project use only,8.17,
1,3,Thailand,3,Yosniyom coffee,33 kg,Special Lot,Coffee Quality Institute,CMU Mill,2023 / 2024,Grading Date,Yosniyom coffee,Nathagrid Somboonkhamchoo,1250,"Catimor, Typica","Mae Daet Noi, Chiang Mai",Completed,Nathagrid Somboonkhamchoo,Natural / Dry,8.25,10.0,8.33,10.0,8.0,10.0,8.25,8.25,8.0,0.0,8.17,87.25,11 %,,0 full defects,0 full defects,0,"April 5th, 2025",Coffee Quality Institute,For project use only,Coffee Quality Institute - For project use only,8.25,
1,3,Thailand,3,Tua Changaroon,20 kg,TCE,Coffee Quality Institute,Big Black Box's Dry Mill Plant Sai Noi District,2023 / 2024,Grading Date,"143,Chae Son, Mueang Pan ,Lampang, 52240",Tua Changaroon,1100,Gesha,"Chae Son,Mueang Pan,Lampang",Completed,Tua Changaroon,Natural / Dry,8.33,10.0,8.33,10.0,8.25,10.0,8.08,8.42,7.92,0.0,7.92,87.25,9.8 %,,0 full defects,1 full defects,0,"September 19th, 2025",Coffee Quality Institute,For project use only,Coffee Quality Institute - For project use only,8.42,
1,3,Thailand,34,Homhoh farm,29 kg,May Big Lot,Coffee Quality Institute,Mogoju Bean,2019 / 2020,Grading Date,Independent,Manop Phiarchobphai,1100,Catimor,"Mae Sariang, Mae Hong Son",Completed,Manop Phiarchobphai,Natural / Dry,8.17,10.0,8.25,10.0,8.08,10.0,8.25,8.17,8.17,0.0,8.08,87.17,10.3 %,,0 full defects,1 full defects,0,"July 12th, 2025",Coffee Quality Institute,For project use only,Coffee Quality Institute - For project use only,8.17,
1,3,Thailand,1,Klohaki Coffee,20 kg,Special Lot,Coffee Quality Institute,PANA Coffee,2023 / 2024,Grading Date,.,Watcharapong Krathomromprai,1200,"Typica, Catuai, Caturra","Mae La Noi, Mae Hong Son",Completed,Watcharaphong Krathomrompral,Natural / Dry,8.0,10.0,8.33,10.0,8.0,10.0,8.25,8.17,8.17,0.0,8.17,87.08,9.6 %,,2 full defects,2 full defects,0,"April 5th, 2025",Coffee Quality Institute,For project use only,Coffee Quality Institute - For project use only,8.17,
1,3,Thailand,2,Chartchai Khabu,25 kg,TCE,Coffee Quality Institute,Big Black Box Dry Mill Plant,2023 / 2024,Grading Date,"155,Chang Phueak, Mueang Chiang Mai ,Chiang Mai, 50300",Chartchai Khabu,1500,Mixed: unknown variety,Chiang Mai,Completed,Chartchai Khabu,Pulped natural / honey,8.33,10.0,8.17,10.0,8.08,10.0,8.17,8.17,8.17,0.0,8.0,87.08,9.9 %,,0 full defects,1 full defects,0,"September 19th, 2025",Coffee Quality Institute,For project use only,Coffee Quality Institute - For project use only,8.17,
1,3,Yemen,1,Hassan Alghabiasy,20 kg,RR24002,Coffee Quality Union,Hassan Alghabiasy,2023,Grading Date,ROLLING ROASTERS,ROLLING ROASTERS,2380,Ancient Typica,East Haraz,Completed,Hassan Alghabiasy,Fermented in barrels with figs 4days,8.33,10.0,8.25,10.0,8.08,10.0,8.17,8.33,7.83,0.0,8.08,87.08,10.8 %,Greenish,0 full defects,0 full defects,2,"May 6th, 2025",Coffee Quality Union,3-24-9 Saiwai Otaru Hokkaido,Sakiko Kabeyama -,8.33,
1,3,Ethiopia,300,Azeb Tadesse Wet-Dry Station,30 kg,K 32036,METAD Agricultural Development plc,Azeb Tadesse Wet-Dry Station,2023 / 2024,010-0218-0099,Owner,,2070,Ethiopian Heirlooms,Kochere,Completed,Azeb Tadesse,Washed / Wet,8.08,10.0,8.17,10.0,8.0,10.0,8.33,8.17,8.08,0.0,8.17,87.0,10.1 %,Greenish,0 full defects,3 full defects,0,"May 20th, 2025",METAD Agricultural Development plc,"BAWA Center, 3rd Floor (Gerji), Addis Ababa, Ethiopia","Aman Adinew (Emebet Dinku) - +251-116-292534, +251-911-519196",8.17,"May 20th, 2024"
1,3,Taiwan,1,頭櫃山景觀生態咖啡農場,8 kg,"2024 Sustainable Specialty Coffee Farm Awards,S072",Taiwan Coffee Laboratory 台灣咖啡研究室,頭櫃山景觀生態咖啡農場,2024,Grading Date,Taiwan Coffee Laboratory,Taiwan Coffee Laboratory 台灣咖啡研究室,1050,Gesha,"台中市新社區 Xinshe Dist., Taichung City",Completed,"賴建益 LAI,JIAN-YI",Pulped natural / honey,8.17,10.0,8.25,10.0,8.08,10.0,8.17,8.33,7.92,0.0,8.08,87.0,10.1 %,Greenish,0 full defects,2 full defects,0,"October 29th, 2025",Taiwan Coffee Laboratory 台灣咖啡研究室,"QAHWAH CO., LTD 4F, No. 225, Sec. 3, Beixin Rd., Xindian Dist. New Taipei City, Taiwan","Lin, Jen-An Neil 林仁安 - 886-289116612",8.33,
1,3,Taiwan,1,鄒築園 Zou Zhou Yuan,8 kg,"2024 Sustainable Specialty Coffee Farm Awards,S068",Taiwan Coffee Laboratory 台灣咖啡研究室,鄒築園 Zou Zhou Yuan,2024,Grading Date,Taiwan Coffee Laboratory,Taiwan Coffee Laboratory 台灣咖啡研究室,1300,Gesha,"嘉義縣阿里山鄉 Alishan Township, Chiayi County",Completed,"方政倫 FANG, CHENG-LUN",Natural / Dry,8.33,10.0,8.17,10.0,8.08,10.0,8.08,8.25,8.0,0.0,8.08,87.0,11.6 %,Bluish-Green,0 full defects,0 full defects,0,"October 29th, 2025",Taiwan Coffee Laboratory 台灣咖啡研究室,"QAHWAH CO., LTD 4F, No. 225, Sec. 3, Beixin Rd., Xindian Dist. New Taipei City, Taiwan","Lin, Jen-An Neil 林仁安 - 886-289116612",8.25,
1,3,Taiwan,1,牛磨角庄園 Gû Buâ Kak Estate,8 kg,"2024 Sustainable Specialty Coffee Farm Awards,S003",Taiwan Coffee Laboratory 台灣咖啡研究室,牛磨角庄園 Gû Buâ Kak Estate,2024,Grading Date,Taiwan Coffee Laboratory,Taiwan Coffee Laboratory 台灣咖啡研究室,1200,Gesha,"嘉義縣梅山鄉 Meishan Township, Chiayi County",Completed,"陳秉汯 CHEN, BING-HONG",Pulped natural / honey,8.0,10.0,8.17,10.0,8.0,10.0,8.33,8.17,8.17,0.0,8.08,86.92,11.2 %,Greenish,0 full defects,2 full defects,0,"October 29th, 2025",Taiwan Coffee Laboratory 台灣咖啡研究室,"QAHWAH CO., LTD 4F, No. 225, Sec. 3, Beixin Rd., Xindian Dist. New Taipei City, Taiwan","Lin, Jen-An Neil 林仁安 - 886-289116612",8.17,
1,3,Thailand,2,Ching Saethao,25 kg,TCE,Coffee Quality Institute,Big Black Box's Dry Mill Plant Sai Noi District,2023 / 2024,Grading Date,"145,Ngop, Thung Chang ,Nan, 55130",Ching Saethso,1350,Gesha,"Ngop, Thung Chang,Nan",Completed,Ching Saethao,Washed / Wet,8.0,10.0,8.25,10.0,8.0,10.0,8.25,8.25,8.0,0.0,8.08,86.83,10.7 %,,0 full defects,0 full defects,0,"September 19th, 2025",Coffee Quality Institute,For project use only,Coffee Quality Institute - For project use only,8.25,
1,3,"Tanzania, United Republic Of",600,IYENGA,30 kg,S71722/P05903,Kenya Coffee Traders Association,CITY COFFEE LTD,2024 / 2025,033/DE/725/0018,VOLCAFE/TaylorWinch Tanzania Ltd,Balam Hinyula,1624,Bourbon,Mbeya,Completed,IYENGA AMCOS,Washed / Wet,8.08,10.0,8.0,10.0,8.17,10.0,8.08,8.17,8.17,0.0,8.17,86.83,11 %,Green,0 full defects,2 full defects,0,"October 18th, 2025",Kenya Coffee Traders Association,"P.O. Box 646 00100Nairobi, Kenya, Denniss Pritt Road, Opposite St Georges Girls Secondary School",Benson Kibicho Kamau - +254 786 821 621,8.17,"October 18th, 2024"
1,3,Thailand,3,Phongsak Chotoatsawawong,20 kg,TCE,Coffee Quality Institute,Big Black Box's Dry Mill Plant Sai Noi District,2023 / 2024,Grading Date,"208,Ngop, Thung Chang ,Nan, 55130",Phongsak Chotoatsawawong,1400,Syrina,"Ngop, Thung Chang, Nan",Completed,Phongsak Chotoatsawawong,Natural / Dry,8.17,10.0,8.25,10.0,7.92,10.0,8.17,8.17,8.25,0.0,7.92,86.83,9.1 %,Yellow-Green,0 full defects,0 full defects,0,"September 19th, 2025",Coffee Quality Institute,For project use only,Coffee Quality Institute - For project use only,8.17,
1,3,Thailand,1,Ma Gor Loe Coffee Farm,10 kg,1,Specialty Coffee Institute of Thailand,Hulling Facility,2023 / 2024,Grading Date,Ma Gor Loe Coffee Farm,Paranya Nanthakun,"1,200-1,300",Gesha,"Doi Saket, Chiangmai",Completed,Paranya Nanthakun,Natural / Dry,8.42,10.0,8.33,10.0,8.0,10.0,8.08,8.17,7.92,0.0,7.92,86.83,10 %,yellow -green,0 full defects,0 full defects,0,"October 29th, 2025",Specialty Coffee Institute of Thailand,"No.76-82 Satri Wittaya 2 Soi 6, Ladplao, Bangkok 10230 Thailand","Rinlapat Siwachairot - +66 2 118 0811, +66 926462492",8.17,
1,3,Taiwan,1,十萬咖啡	(Shin Wan café),5 kg,2024臺南市國產精品咖啡評鑑批次,Taiwan Coffee Laboratory 台灣咖啡研究室,十萬咖啡	(Shin Wan café),2023 / 2024,Grading Date,Taiwan Coffee Laboratory,Taiwan Coffee Laboratory 台灣咖啡研究室,650,Gesha,"台南市東山區 Dongshan Dist., Tainan City",Completed,"陳天財（CHEN,TIAN-CAI）",Pulped natural / honey,8.17,10.0,8.17,10.0,8.25,10.0,8.08,8.08,8.0,0.0,8.08,86.83,11.3 %,Green,0 full defects,0 full defects,0,"July 22nd, 2025",Taiwan Coffee Laboratory 台灣咖啡研究室,"QAHWAH CO., LTD 4F, No. 225, Sec. 3, Beixin Rd., Xindian Dist. New Taipei City, Taiwan","Lin, Jen-An Neil 林仁安 - 886-289116612",8.08,
1,3,Thailand,10,Hom Hoh Coffee,30 kg,Special Lot,Coffee Quality Institute,PANA Coffee,2023 / 2024,Grading Date,Hom Hoh Coffee,Manop Phiarchobphai,1200,"Bourbon, Catimor","Mae Sariang, Mae Hong Son",Completed,Manop Phiarchobphai,Natural / Dry,8.08,10.0,8.25,10.0,7.92,10.0,8.17,8.17,8.0,0.0,8.17,86.75,10.6 %,,0 full defects,0 full defects,0,"April 5th, 2025",Coffee Quality Institute,For project use only,Coffee Quality Institute - For project use only,8.17,
1,3,Taiwan,1,仙井咖啡莊園 Xian Jing Estate,8 kg,"2024 Sustainable Specialty Coffee Farm Awards,S052",Taiwan Coffee Laboratory 台灣咖啡研究室,仙井咖啡莊園 Xian Jing Estate,2024,Grading Date,Taiwan Coffee Laboratory,Taiwan Coffee Laboratory 台灣咖啡研究室,1100,Bourbon x Geisha,"嘉義縣番路鄉 Fanlu Township, Chiayi County",Completed,"范姵甯 FAN,PEI-NING",Pulped natural / honey,8.17,10.0,8.25,10.0,8.08,10.0,7.92,8.17,7.83,0.0,8.25,86.67,10.2 %,Green,0 full defects,0 full defects,0,"October 29th, 2025",Taiwan Coffee Laboratory 台灣咖啡研究室,"QAHWAH CO., LTD 4F, No. 225, Sec. 3, Beixin Rd., Xindian Dist. New Taipei City, Taiwan","Lin, Jen-An Neil 林仁安 - 886-289116612",8.17,
1,3,Kenya,100,NGARIAMA,60 kg,KEH 2725,Kenya Coffee Traders Association,KIRINYAGA MILL,2023 / 2024,37/XAD013/407,Allegro Coffee,Allegro Coffee,1600-1800,SL34,KIRINYAGA,Completed,C.DORMAN LTD,Washed / Wet,8.17,10.0,8.08,10.0,8.0,10.0,8.17,8.08,8.08,0.0,8.08,86.67,10 %,Green,0 full defects,1 full defects,0,"February 26th, 2025",Kenya Coffee Traders Association,"P.O. Box 646 00100Nairobi, Kenya, Denniss Pritt Road, Opposite St Georges Girls Secondary School",Benson Kibicho Kamau - +254 786 821 621,8.08,"February 27th, 2024"
1,3,Thailand,3,Ma Family Phang Khon,40 kg,Special Lot,Coffee Quality Institute,Ma Family Phang Khon,2023 / 2024,Grading Date,Ma Family Pang Khon,Asadawoot Yapasnggoo,1270,"Bourbon, Catimor, Typica, Catuai","Pangkhon, Chiang Rai",Completed,Asadawoot Yapasnggoo,Natural / Dry,8.17,10.0,8.25,10.0,7.92,10.0,8.17,8.08,8.0,0.0,8.0,86.58,10.1 %,,0 full defects,1 full defects,0,"April 5th, 2025",Coffee Quality Institute,For project use only,Coffee Quality Institute - For project use only,8.08,
1,3,Thailand,2,Magpie Farm,10 kg,Special,Coffee Quality Institute,PANA Coffee,2023 / 2024,Grading Date,.,Soonthon Mingsirijaroen,1350,"Caturra, Bourbon, Catimor","Pang Khon, Huay Chom Phu, Chiang Rai",Completed,Soonthon Mingsirijaroen,Natural / Dry,8.0,10.0,8.25,10.0,7.83,10.0,8.17,8.0,8.08,0.0,8.17,86.5,9.7 %,,0 full defects,1 full defects,0,"April 5th, 2025",Coffee Quality Institute,For project use only,Coffee Quality Institute - For project use only,8.0,
1,3,Ethiopia,160,Tulla Coffee Farm,60 kg,Dahab Kaffa Forest,METAD Agricultural Development plc,Tulla,2023 / 2024,010/0468,Diamond Enterprise plc,Dehab Mesfin,1728-1877,Ethiopian Heirlooms,"South-west Ethiopia, Kaffa",Completed,Diamond Enterprise plc (Dahab Specialty Farm),Natural / Dry,8.0,10.0,8.17,10.0,8.0,10.0,8.25,8.0,8.0,0.0,8.08,86.5,10.4 %,Yellow Green,0 full defects,5 full defects,3,"March 4th, 2025",METAD Agricultural Development plc,"BAWA Center, 3rd Floor (Gerji), Addis Ababa, Ethiopia","Aman Adinew (Emebet Dinku) - +251-116-292534, +251-911-519196",8.0,"March 4th, 2024"
1,3,Taiwan,1,向陽台灣咖啡 Sunlit Taiwan Coffee Farm,8 kg,"2024 Sustainable Specialty Coffee Farm Awards,S086",Taiwan Coffee Laboratory 台灣咖啡研究室,向陽台灣咖啡 Sunlit Taiwan Coffee Farm,2024,Grading Date,Taiwan Coffee Laboratory,Taiwan Coffee Laboratory 台灣咖啡研究室,1000,Gesha,"南投縣國姓鄉 Guoxing Township, Nantou County",Completed,"林言謙 LIN, YEN-CHIEN",Natural / Dry,8.08,10.0,8.17,10.0,8.0,10.0,8.08,8.17,7.92,0.0,8.08,86.5,10.1 %,Greenish,0 full defects,0 full defects,0,"October 29th, 2025",Taiwan Coffee Laboratory 台灣咖啡研究室,"QAHWAH CO., LTD 4F, No. 225, Sec. 3, Beixin Rd., Xindian Dist. New Taipei City, Taiwan","Lin, Jen-An Neil 林仁安 - 886-289116612",8.17,
1,3,Colombia,600,Bag Weight,,3-1832-11038,ASOCIACIÓN COLOMBIANA PARA LA EXCELENCIA DEL CAFE,TRILLADORA ANDES - SUCDEN SERVICIOS,2024 / 2025,1832,SUCDEN COLOMBIA SAS,Nataly Marcela Cujia Sierra,1400-2200,CASTILLO-CATURRA-COLOMBIA,HUILA,Completed,SEVERAL,WASHED,8.08,10.0,8.08,10.0,7.92,10.0,7.92,7.92,8.0,0.0,8.5,86.42,11.8 %,Green,0 full defects,2 full defects,0,"November 23rd, 2025",ASOCIACIÓN COLOMBIANA PARA LA EXCELENCIA DEL CAFE,Calle 60A #3D-32 / Planta Baja / CQ Lab ASECC,Carlos Julian Ruiz - 3212026991,7.92,"November 23rd, 2024"
1,3,Ethiopia,6,YIRGACHEFFEE ARICHA,60 kg,0231A,METAD Agricultural Development plc,TRACON PROCESSING MILL,2023 / 2024,Grading Date,kebir coffee,kebir coffee,1980,Ethiopian Yirgacheffe,YIRGACHEFFEE ARICHA,Completed,KEBIR COFEE TRADING PLC,Natural / Dry,7.92,10.0,8.0,10.0,8.0,10.0,8.42,8.0,8.0,0.0,8.0,86.33,10.1 %,Yellow Green,0 full defects,15 full defects,10,"June 11th, 2025",METAD Agricultural Development plc,"BAWA Center, 3rd Floor (Gerji), Addis Ababa, Ethiopia","Aman Adinew (Emebet Dinku) - +251-116-292534, +251-911-519196",8.0,
1,3,Thailand,1,Phu Chi Duen,21 kg,Special Lot,Coffee Quality Institute,PANA Coffee,2023 / 2024,Grading Date,Phu Chi Duen,Phongsathorn Khunta,1450,"Catimor, Typica, Java, Bourbon","Phu Chi Duen, Chiang Rai",Completed,Phongsathorn Khunta,Natural / Dry,8.0,10.0,8.33,10.0,7.92,10.0,8.17,8.0,7.92,0.0,8.0,86.33,9.8 %,,0 full defects,0 full defects,0,"April 5th, 2025",Coffee Quality Institute,For project use only,Coffee Quality Institute - For project use only,8.0,
1,3,Taiwan,1,名陽園 MINGYANG,8 kg,"2024 Sustainable Specialty Coffee Farm Awards,S031",Taiwan Coffee Laboratory 台灣咖啡研究室,名陽園 MINGYANG,2024,Grading Date,Taiwan Coffee Laboratory,Taiwan Coffee Laboratory 台灣咖啡研究室,1500,Gesha,"嘉義縣 竹崎鄉 Zhuqi Township, Chiayi County",Completed,"王政淵 WANG, CHENG-YUAN",Natural / Dry,8.08,10.0,8.08,10.0,8.0,10.0,8.0,8.08,8.0,0.0,8.08,86.33,10 %,Greenish,0 full defects,0 full defects,0,"October 29th, 2025",Taiwan Coffee Laboratory 台灣咖啡研究室,"QAHWAH CO., LTD 4F, No. 225, Sec. 3, Beixin Rd., Xindian Dist. New Taipei City, Taiwan","Lin, Jen-An Neil 林仁安 - 886-289116612",8.08,
1,3,Taiwan,1,崁頭山紅楓咖啡(Kan Tou Mountain Coffee),5 kg,2024臺南市國產精品咖啡評鑑批次,Taiwan Coffee Laboratory 台灣咖啡研究室,崁頭山紅楓咖啡(Kan Tou Mountain Coffee),2023 / 2024,Grading Date,Taiwan Coffee Laboratory,Taiwan Coffee Laboratory 台灣咖啡研究室,750,Gesha,"台南市東山區 Dongshan Dist., Tainan City",Completed,"郭俊宏 (Kuo,Jun-Hong)",Natural / Dry,8.08,10.0,8.08,10.0,8.08,10.0,7.92,8.25,7.83,0.0,8.0,86.25,11.2 %,Greenish,0 full defects,0 full defects,0,"July 22nd, 2025",Taiwan Coffee Laboratory 台灣咖啡研究室,"QAHWAH CO., LTD 4F, No. 225, Sec. 3, Beixin Rd., Xindian Dist. New Taipei City, Taiwan","Lin, Jen-An Neil 林仁安 - 886-289116612",8.25,
1,3,Taiwan,1,泥妲咖啡(Nita Coffee Manor),20 kg,2024花蓮縣第8屆精品咖啡評鑑批次,Taiwan Coffee Laboratory 台灣咖啡研究室,泥妲咖啡(Nita Coffee Manor),2024,Grading Date,Taiwan Coffee Laboratory,Taiwan Coffee Laboratory 台灣咖啡研究室,300-600,Typica,"花蓮縣秀林鄉 Hualien County,Show Linxia Township",Completed,"戴豐秋 (Dai,fong-ciou)",Natural / Dry,8.0,10.0,8.17,10.0,7.92,10.0,8.0,8.17,7.92,0.0,8.08,86.25,11.7 %,Green,0 full defects,0 full defects,0,"October 4th, 2025",Taiwan Coffee Laboratory 台灣咖啡研究室,"QAHWAH CO., LTD 4F, No. 225, Sec. 3, Beixin Rd., Xindian Dist. New Taipei City, Taiwan","Lin, Jen-An Neil 林仁安 - 886-289116612",8.17,
1,3,Thailand,1,Doi Tung Development Project,10 kg,Typica Honey Process: ICP Rank 1 (2024),Specialty Coffee Institute of Thailand,Doi Tung Development Project,2023 / 2024,Grading Date,Mae Fah Luang Foundation/ Doi Tung Development Project,Sitthinadda Paphavasit,1200,Typica,"Mae Fah Luang, Chiang Rai",Completed,Tanawith Thirintong,Pulped natural / honey,8.17,10.0,8.17,10.0,8.0,10.0,8.0,8.17,7.67,0.0,8.08,86.25,10.4 %,Green,0 full defects,0 full defects,2,"October 29th, 2025",Specialty Coffee Institute of Thailand,"No.76-82 Satri Wittaya 2 Soi 6, Ladplao, Bangkok 10230 Thailand","Rinlapat Siwachairot - +66 2 118 0811, +66 926462492",8.17,
1,3,Ethiopia,300,Azeb Tadesse Wet-Dry Station,30 kg,K 32037,METAD Agricultural Development plc,Azeb Tadesse Wet-Dry Station,2023 / 2024,010-0218-0098,Owner,,2070,Ethiopian Heirlooms,Kochere,Completed,Azeb Tadesse,Natural / Dry,8.0,10.0,8.17,10.0,8.0,10.0,8.08,8.0,8.0,0.0,8.0,86.25,10 %,yellow Green,0 full defects,2 full defects,1,"May 20th, 2025",METAD Agricultural Development plc,"BAWA Center, 3rd Floor (Gerji), Addis Ababa, Ethiopia","Aman Adinew (Emebet Dinku) - +251-116-292534, +251-911-519196",8.0,"May 20th, 2024"
1,3,Thailand,7,Nan Coff,40 kg,Special Lot,Coffee Quality Institute,Nan Coff,2023 / 2024,Grading Date,Nan Coff,Tanagrit Rungpokinan,1270,"Catimor, Caturra","Tha Wang Pha, Nan",Completed,Tanagrit Rungpokinan,Natural / Dry,8.17,10.0,8.17,10.0,7.83,10.0,7.92,8.08,8.08,0.0,8.0,86.25,10.7 %,,0 full defects,1 full defects,0,"April 5th, 2025",Coffee Quality Institute,For project use only,Coffee Quality Institute - For project use only,8.08,
1,3,Thailand,2,Akha Le,1000 kg,1,Specialty Coffee Institute of Thailand,Akha Le,2023 / 2024,Grading Date,PC89 Coffee,Phichit Bunyuenphanakun,1400,Catimor,Thailand,Completed,Phichit Bunyuenphanakun,Washed / Wet,8.42,10.0,7.92,10.0,7.83,10.0,7.92,7.75,7.75,0.0,7.75,85.33,10.3 %,,0 full defects,0 full defects,0,"October 29th, 2025",Specialty Coffee Institute of Thailand,"No.76-82 Satri Wittaya 2 Soi 6, Ladplao, Bangkok 10230 Thailand","Rinlapat Siwachairot - +66 2 118 0811, +66 926462492",7.75,
1,3,Taiwan,1,如璽有機咖啡莊園,8 kg,"2024 Sustainable Specialty Coffee Farm Awards,S051",Taiwan Coffee Laboratory 台灣咖啡研究室,如璽有機咖啡莊園,2024,Grading Date,Taiwan Coffee Laboratory,Taiwan Coffee Laboratory 台灣咖啡研究室,1050,Typica,"嘉義縣阿里山鄉 Alishan Township, Chiayi County",Completed,"張永璽 CHANG,YUNG-HIS",Natural / Dry,8.25,10.0,8.17,10.0,8.08,10.0,8.0,8.0,7.83,0.0,7.92,86.25,10.2 %,Brown,0 full defects,1 full defects,0,"October 29th, 2025",Taiwan Coffee Laboratory 台灣咖啡研究室,"QAHWAH CO., LTD 4F, No. 225, Sec. 3, Beixin Rd., Xindian Dist. New Taipei City, Taiwan","Lin, Jen-An Neil 林仁安 - 886-289116612",8.0,
1,3,Taiwan,1,Heliu Coffee Manor何留咖啡莊園,40 kg,2024花蓮縣第8屆精品咖啡評鑑批次,Taiwan Coffee Laboratory 台灣咖啡研究室,Heliu Coffee Manor何留咖啡莊園,2024,Grading Date,Taiwan Coffee Laboratory,Taiwan Coffee Laboratory 台灣咖啡研究室,820,Typica,花蓮縣萬榮鄉 Hualien County Wanrong Township,Completed,林金光 ( Lin jin-guang ),Natural / Dry,8.0,10.0,8.08,10.0,7.92,10.0,8.0,8.17,8.0,0.0,8.0,86.17,9 %,Yellow-Green,0 full defects,0 full defects,0,"October 4th, 2025",Taiwan Coffee Laboratory 台灣咖啡研究室,"QAHWAH CO., LTD 4F, No. 225, Sec. 3, Beixin Rd., Xindian Dist. New Taipei City, Taiwan","Lin, Jen-An Neil 林仁安 - 886-289116612",8.17,
1,3,Thailand,1,Lay Coffee Estate,20 kg,Special Lot,Coffee Quality Institute,PANA Coffee,2023 / 2024,Grading Date,.,Suwinai Chockpattarachai,1350,Typica,"Mae Hi, Mae Hong Son",Completed,Suwinai Chockpattarachai,Washed / Wet,8.08,10.0,7.92,10.0,7.83,10.0,8.17,8.0,8.08,0.0,8.08,86.17,10.5 %,,0 full defects,0 full defects,0,"April 5th, 2025",Coffee Quality Institute,For project use only,Coffee Quality Institute - For project use only,8.0,
1,3,Thailand,22,SOFT Coffee,25 kg,May Big Lot,Coffee Quality Institute,Mogoju Bean,2023 / 2024,Grading Date,SOFT Coffee,Wish Junprasert,1200-1400,Catimor,"Omkoi, Chiang Mai",Completed,Wish Junprasert,Washed / Wet,7.92,10.0,8.17,10.0,7.92,10.0,8.08,8.08,8.08,0.0,7.83,86.08,10 %,,0 full defects,3 full defects,0,"July 12th, 2025",Coffee Quality Institute,For project use only,Coffee Quality Institute - For project use only,8.08,
1,3,Taiwan,15,鄉庭有機咖啡莊園 (Siang-Ting Organic Farm),10 kg,1,Taiwan Coffee Laboratory 台灣咖啡研究室,鄉庭有機咖啡莊園 (Siang-Ting Organic Farm),2023 / 2024,Grading Date,Taiwan Coffee Laboratory,Taiwan Coffee Laboratory 台灣咖啡研究室,130-150,Typica+ Geisha,"花蓮縣壽豐鄉 Hualien County, Shoufeng Township",Completed,張進義 (Chang Jin-Yi),Pulped natural / honey,7.92,10.0,8.0,10.0,8.0,10.0,8.08,8.08,8.0,0.0,8.0,86.08,11.7 %,Greenish,0 full defects,0 full defects,0,"October 4th, 2025",Taiwan Coffee Laboratory 台灣咖啡研究室,"QAHWAH CO., LTD 4F, No. 225, Sec. 3, Beixin Rd., Xindian Dist. New Taipei City, Taiwan","Lin, Jen-An Neil 林仁安 - 886-289116612",8.08,
1,3,Ethiopia,317,Idido,60 kg,Idido,Taiwan Coffee Laboratory 台灣咖啡研究室,Idido,2024,010/0402/0074,Taiwan Coffee Laboratory,Taiwan Coffee Laboratory 台灣咖啡研究室,1973,74110、74112、74165,Yirgacheffe,Completed,Primrose,Washed / Wet,8.17,10.0,8.08,10.0,7.92,10.0,7.92,8.0,8.0,0.0,8.0,86.08,10.1 %,Bluish-Green,0 full defects,3 full defects,0,"November 27th, 2025",Taiwan Coffee Laboratory 台灣咖啡研究室,"QAHWAH CO., LTD 4F, No. 225, Sec. 3, Beixin Rd., Xindian Dist. New Taipei City, Taiwan","Lin, Jen-An Neil 林仁安 - 886-289116612",8.0,"November 27th, 2024"
1,3,Taiwan,1,大鋤花間咖啡生態農場(Dachu Coffee Estate),5 kg,2024臺南市國產精品咖啡評鑑批次,Taiwan Coffee Laboratory 台灣咖啡研究室,大鋤花間咖啡生態農場(Dachu Coffee Estate),2023 / 2024,Grading Date,Taiwan Coffee Laboratory,Taiwan Coffee Laboratory 台灣咖啡研究室,750,Gesha,"台南市東山區 Dongshan Dist., Tainan City",Completed,"郭雅聰(KUO,YA-TSUNG）",Natural / Dry,8.08,10.0,8.0,10.0,8.17,10.0,7.75,8.33,7.83,0.0,7.92,86.08,10.5 %,Green,0 full defects,0 full defects,0,"July 22nd, 2025",Taiwan Coffee Laboratory 台灣咖啡研究室,"QAHWAH CO., LTD 4F, No. 225, Sec. 3, Beixin Rd., Xindian Dist. New Taipei City, Taiwan","Lin, Jen-An Neil 林仁安 - 886-289116612",8.33,
1,3,Thailand,2,Tua Changaroon,25 kg,TCE,Coffee Quality Institute,Big Black Box Dry Mill Plant,2023 / 2024,Grading Date,"143,Chae Son, Mueang Pan ,Lampang, 52240",Tua Changaroon,1100,Gesha,"Chae Son, Mueang Pan, Lampang",Completed,Tua Changaroon,Pulped natural / honey,8.17,10.0,8.17,10.0,8.0,10.0,7.92,7.83,8.25,0.0,7.67,86.0,10 %,,0 full defects,3 full defects,0,"September 19th, 2025",Coffee Quality Institute,For project use only,Coffee Quality Institute - For project use only,7.83,
1,3,Thailand,2,Doi Tung Development Project,1 kg,Gayo 23/24 (Coffea Arabica),FABB Academy of Coffee,Dry Mill,2023 / 2024,Grading Date,Doi Tung Development Project,Doi Tung Development Project,1300-1500,Gayo,North of Thailand,Completed,Doi Tung Development Project,Washed / Wet,8.0,10.0,7.92,10.0,7.83,10.0,8.17,8.0,8.0,0.0,8.0,85.92,11 %,Green,0 full defects,0 full defects,0,"June 26th, 2025",FABB Academy of Coffee,"FABB ACADEMY OF COFFEE 259/313 SUKHUMVIT 71 RD., SOI PRIDI BANOMYONG 15, VHADANA BKK, 10110 THAILAND",Janejira Kamonsawedkun - +(66) 095 095 9593,8.0,
1,3,Thailand,3,Phongsathorn Woeicheku,20 kg,TCE,Coffee Quality Institute,Big Black Box's Dry Mill Plant Sai Noi District,2023 / 2024,Grading Date,"294,Huai Chomphu, Mueang Chiang Rai ,Chiang Rai, 57000",Phongsathorn Woeicheku,1300,"Mixed: Typica, Bourbon, Catimor, Catuai","Huai Chomphu, Mueang Chiang Rai, Chiang Rai",Completed,Phongsathorn Woeicheku,Natural / Dry,7.75,10.0,8.0,10.0,8.08,10.0,8.08,7.92,8.17,0.0,7.92,85.92,10.1 %,,0 full defects,2 full defects,0,"September 19th, 2025",Coffee Quality Institute,For project use only,Coffee Quality Institute - For project use only,7.92,
1,3,Taiwan,1,櫻桃果古坑咖啡莊園 GuKeng Coffee Berries Manor,8 kg,"2024 Sustainable Specialty Coffee Farm Awards,S007",Taiwan Coffee Laboratory 台灣咖啡研究室,櫻桃果古坑咖啡莊園 GuKeng Coffee Berries Manor,2024,Grading Date,Taiwan Coffee Laboratory,Taiwan Coffee Laboratory 台灣咖啡研究室,1000,Gesha,"嘉義縣阿里山鄉 Alishan Township, Chiayi County",Completed,"王瀅惠 WANG,YING-HUI",Washed / Wet,8.0,10.0,8.08,10.0,7.92,10.0,8.0,8.0,7.92,0.0,8.0,85.92,10.8 %,Green,0 full defects,1 full defects,0,"October 29th, 2025",Taiwan Coffee Laboratory 台灣咖啡研究室,"QAHWAH CO., LTD 4F, No. 225, Sec. 3, Beixin Rd., Xindian Dist. New Taipei City, Taiwan","Lin, Jen-An Neil 林仁安 - 886-289116612",8.0,
1,3,El Salvador,121,El Corozo,30 kg,1,Instituto Salvadoreño del Café,Cooperativa Cuzcachapa de R.L,2023 / 2024,Amni - 23 - 6018,Instituto Salvadoreño del Café,Carlos Roberto Guillen Castro,1800,Bourbon,Apaneca - Ilamatepec,Completed,Fernando Antonio Lima,Washed / Wet,8.33,10.0,8.08,10.0,8.08,10.0,8.0,7.83,7.83,0.0,7.75,85.92,12 %,Green,0 full defects,1 full defects,0,"July 12th, 2025",Instituto Salvadoreño del Café,"Final 1a. Av. Norte y 13 Calle Pte., dentro de las instalaciones del MAG",Carlos Guillen - (503) 2505-6600,7.83,"July 12th, 2024"
1,3,Thailand,2,Phu duen coffee farm,20 kg,MAR,Coffee Quality Institute,PANA Coffee,2023 / 2024,Grading Date,.,Amnart Saksittanupap,1200 - 1500,"Catimor, Java, Typica","Phu Chi Duen, Chiang Rai",Completed,Amnart Saksittanupap,Natural / Dry,8.25,10.0,8.17,10.0,7.67,10.0,8.08,7.92,7.92,0.0,7.92,85.92,9.5 %,,0 full defects,0 full defects,0,"April 5th, 2025",Coffee Quality Institute,For project use only,Coffee Quality Institute - For project use only,7.92,
1,3,Thailand,50,Nancoff,20 kg,May Big Lot,Coffee Quality Institute,Nancoff,2023 / 2024,Grading Date,Independent,Tanagrit Rungpokinan,1300,Catimor,"Doi Suan Ya Luang, Nan",Completed,Tanagrit Rungpokinan,Natural / Dry,7.83,10.0,8.25,10.0,8.08,10.0,7.92,8.0,7.92,0.0,7.92,85.92,9 %,,0 full defects,1 full defects,0,"July 12th, 2025",Coffee Quality Institute,For project use only,Coffee Quality Institute - For project use only,8.0,
1,3,Colombia,3,Villa Betulia,35 kg,23-320,IMPERATOR SRL - Green Trading Company,DRY,2023 / 2024,3/1869/00320,Kimbo S.P.A.,alessandro marconicchio,1600,Caturra,Huila,Completed,Luis Anibal Calderon,Natural / Dry,7.58,10.0,8.42,10.0,7.92,10.0,7.92,8.17,8.08,0.0,7.75,85.83,10.4 %,Fermented orange,0 full defects,3 full defects,0,"November 20th, 2025",IMPERATOR SRL - Green Trading Company,"IMPERATOR SRL, CAMPO DEL BELVEDERE 6",Alberto Polojac - 0039 040 3720115,8.17,"November 20th, 2024"
1,3,Taiwan,1,泥妲咖啡(Nita Coffee Manor),20 kg,2024花蓮縣第8屆精品咖啡評鑑批次,Taiwan Coffee Laboratory 台灣咖啡研究室,泥妲咖啡(Nita Coffee Manor),2024,Grading Date,Taiwan Coffee Laboratory,Taiwan Coffee Laboratory 台灣咖啡研究室,300-600,Typica,"花蓮縣秀林鄉 Hualien County,Show Linxia Township",Completed,"戴豐秋 (Dai,fong-ciou)",Washed / Wet,7.83,10.0,8.0,10.0,8.0,10.0,8.08,8.0,7.92,0.0,8.0,85.83,11.4 %,Green,0 full defects,1 full defects,0,"October 4th, 2025",Taiwan Coffee Laboratory 台灣咖啡研究室,"QAHWAH CO., LTD 4F, No. 225, Sec. 3, Beixin Rd., Xindian Dist. New Taipei City, Taiwan","Lin, Jen-An Neil 林仁安 - 886-289116612",8.0,
1,3,Colombia,3,La Paz,35 kg,41.22,IMPERATOR SRL - Green Trading Company,DRY,2023 / 2024,3/0659/00108,Kimbo S.P.A.,alessandro marconicchio,1600,Pink Bourbon,"Oporapa, Hulia",Completed,Eduardo Rojas,Natural / Dry,7.92,10.0,8.17,10.0,7.67,10.0,8.0,8.0,8.08,0.0,8.0,85.83,10.3 %,Pale - yellow,0 full defects,0 full defects,0,"November 20th, 2025",IMPERATOR SRL - Green Trading Company,"IMPERATOR SRL, CAMPO DEL BELVEDERE 6",Alberto Polojac - 0039 040 3720115,8.0,"November 20th, 2024"
1,3,Panama,3,Bajo Mono,35 kg,blend002,IMPERATOR SRL - Green Trading Company,wet mill,2023,29-73-0053,Kimbo S.P.A.,alessandro marconicchio,1400-1600,"Geisha, Maragogipe, Pacamara, Bourbon Red, orange and Pink, SL28, Catuai, Yellow Catuai, Caturra.",Bajo Mono,Completed,Stefan Arwed Müller,intrinsic cherry,7.92,10.0,8.25,10.0,7.92,10.0,8.25,8.0,7.75,0.0,7.75,85.83,11.7 %,yellowish,0 full defects,0 full defects,0,"November 20th, 2025",IMPERATOR SRL - Green Trading Company,"IMPERATOR SRL, CAMPO DEL BELVEDERE 6",Alberto Polojac - 0039 040 3720115,8.0,"November 20th, 2024"
1,3,Thailand,6,DOI NAN COFFEE FARM,5 kg,RR24004,Coffee Quality Union,DOI NAN COFFEE FARM,2023,Grading Date,ROLLING ROASTERS,ROLLING ROASTERS,1450,Catimor,NAN,Completed,DOI NAN COFFEE FARM,Anaerobic Honey,8.0,10.0,8.08,10.0,7.92,10.0,8.0,8.08,7.83,0.0,7.92,85.83,11.5 %,Yellow-Green,0 full defects,0 full defects,1,"April 8th, 2025",Coffee Quality Union,3-24-9 Saiwai Otaru Hokkaido,Sakiko Kabeyama -,8.08,
1,3,Thailand,2,Doi Tung Development Project,1 kg,Caturra 23/24 (Coffea Arabica),FABB Academy of Coffee,Dry Mill,2023 / 2024,Grading Date,Doi Tung Development Project,Doi Tung Development Project,1200-1580,Caturra,North of Thailand,Completed,Doi Tung Development Project,Washed / Wet,7.75,10.0,8.17,10.0,8.0,10.0,7.83,8.0,8.08,0.0,8.0,85.83,9.9 %,Green,0 full defects,0 full defects,0,"June 26th, 2025",FABB Academy of Coffee,"FABB ACADEMY OF COFFEE 259/313 SUKHUMVIT 71 RD., SOI PRIDI BANOMYONG 15, VHADANA BKK, 10110 THAILAND",Janejira Kamonsawedkun - +(66) 095 095 9593,8.0,
1,3,Thailand,18,Queen of coffee,39 kg,May Big Lot,Coffee Quality Institute,AAA farm,2023 / 2024,Grading Date,Queen Coffee Thailand,Thaisang Sae-jang,1320,Catimor,"Doi Wawee, Chiang Rai",Completed,Thaisang Sae-jang,Natural / Dry,8.0,10.0,8.0,10.0,7.83,10.0,8.0,8.0,8.0,0.0,7.92,85.75,8.9 %,,0 full defects,0 full defects,0,"July 12th, 2025",Coffee Quality Institute,For project use only,Coffee Quality Institute - For project use only,8.0,
1,3,Thailand,2,Doi Tung Development Project,1 kg,Java 23/24 (Coffea Arabica),FABB Academy of Coffee,Dry Mill,2023 / 2024,Grading Date,Doi Tung Development Project,Doi Tung Development Project,1300-1500,Java,North of Thailand,Completed,Doi Tung Development Project,Washed / Wet,8.17,10.0,8.0,10.0,7.83,10.0,8.08,7.83,7.92,0.0,7.92,85.75,11.7 %,Green,0 full defects,0 full defects,0,"June 26th, 2025",FABB Academy of Coffee,"FABB ACADEMY OF COFFEE 259/313 SUKHUMVIT 71 RD., SOI PRIDI BANOMYONG 15, VHADANA BKK, 10110 THAILAND",Janejira Kamonsawedkun - +(66) 095 095 9593,7.83,
1,3,Thailand,2,Wimolrut Chaidetsrisakun,25 kg,TCE,Coffee Quality Institute,Big Black Box Dry Mill Plant,2023 / 2024,Grading Date,"95 ,Moo. 27,Wawi, Mae Suai ,Chiang Rai, 57180",Wimolrut Chaidetsrisakun,1400,Catimor,"Mae Suai ,Chiang Rai",Completed,Wimolrut Chaidetsrisakun,Pulped natural / honey,8.25,10.0,8.0,10.0,7.75,10.0,8.0,8.0,7.92,0.0,7.83,85.75,10.5 %,,0 full defects,2 full defects,0,"September 19th, 2025",Coffee Quality Institute,For project use only,Coffee Quality Institute - For project use only,8.0,
1,3,Taiwan,1,樁萱巫師咖啡莊園 Zhuang Xuan Yoifo Coffee,8 kg,"2024 Sustainable Specialty Coffee Farm Awards,S123",Taiwan Coffee Laboratory 台灣咖啡研究室,樁萱巫師咖啡莊園 Zhuang Xuan Yoifo Coffee,2024,Grading Date,Taiwan Coffee Laboratory,Taiwan Coffee Laboratory 台灣咖啡研究室,1200,Gesha,"嘉義縣阿里山鄉Alishan Township, Chiayi County",Completed,"莊家祺 CHUANG, CHIA-CHI",Natural / Dry,7.92,10.0,8.08,10.0,8.08,10.0,7.92,7.92,7.92,0.0,7.92,85.75,10.4 %,Bluish-Green,0 full defects,1 full defects,0,"October 29th, 2025",Taiwan Coffee Laboratory 台灣咖啡研究室,"QAHWAH CO., LTD 4F, No. 225, Sec. 3, Beixin Rd., Xindian Dist. New Taipei City, Taiwan","Lin, Jen-An Neil 林仁安 - 886-289116612",7.92,
1,3,Thailand,2,I Amm Doi,30 kg,Special Lot,Coffee Quality Institute,PANA Coffee,2023 / 2024,Grading Date,I Amm Doi,Nopparat Chaimongkol,1300,"Catimor, Typica, Catui","Wieng Kaen, Chiang Rai",Completed,Nopparat Chaimongkol,Natural / Dry,8.0,10.0,8.08,10.0,7.83,10.0,8.08,7.83,7.83,0.0,8.08,85.75,11.8 %,,14 full defects,8 full defects,0,"April 5th, 2025",Coffee Quality Institute,For project use only,Coffee Quality Institute - For project use only,7.83,
1,3,Thailand,5,Monberry Coffee,20 kg,Special Lot,Coffee Quality Institute,PANA Coffee,2023 / 2024,Grading Date,Monberry Coffee,Aramsri Meeprom,1300,Typica,"Samoeng, Chiang Mai",Completed,Aramsri Meeprom,Natural / Dry,7.75,10.0,8.0,10.0,7.83,10.0,8.08,7.92,8.08,0.0,8.0,85.67,10.3 %,,0 full defects,3 full defects,0,"April 5th, 2025",Coffee Quality Institute,For project use only,Coffee Quality Institute - For project use only,7.92,
1,3,Vietnam,33,8Ro Coffee Farm,60 kg,1,HQJ Coffee School,8Ro Coffee Farm,2023 / 2024,Grading Date,8Ro coffee&roaster,Đinh Tiên Bảo San,1500,Catimor,"Thôn 2, Quảng Tín, Đăk Rlap, Đăk Nông",Completed,Đinh Tiên Bảo San,Natural / Dry,7.92,10.0,8.0,10.0,7.92,10.0,8.08,8.0,8.0,0.0,7.75,85.67,11.6 %,Green,0 full defects,0 full defects,0,"July 12th, 2025",HQJ Coffee School,"738 Su Van Hanh Ward 12, District 10 Hochiminh City Vietnam",Sam Choi - +84 906662008,8.0,
1,3,Thailand,40,PHU DUEN COFFEE FARM,25 kg,May Big Lot,Coffee Quality Institute,PANA Coffee,2023 / 2024,Grading Date,Independent,Chawin Leungluesap,1200,Catimor,"Phu Chi Duean, Chiang Rai",Completed,Chawin Leungluesap,Washed / Wet,8.0,10.0,8.08,10.0,7.83,10.0,7.92,7.92,8.08,0.0,7.83,85.67,9.5 %,,0 full defects,2 full defects,0,"July 12th, 2025",Coffee Quality Institute,For project use only,Coffee Quality Institute - For project use only,7.92,
1,3,Thailand,2,Aphisit Bise,25 kg,TCE,Coffee Quality Institute,Big Black Box's Dry Mill Plant Sai Noi District,2023 / 2024,Grading Date,Coffee,Aphisit Bise,1350,Typica XL28,"Huai Chomphu, Mueang Chiang Rai, Chiang Rai",Completed,Aphisit Bise,Washed / Wet,8.08,10.0,7.92,10.0,7.75,10.0,8.08,8.0,8.17,0.0,7.67,85.67,9.1 %,,0 full defects,0 full defects,0,"September 19th, 2025",Coffee Quality Institute,For project use only,Coffee Quality Institute - For project use only,8.0,
1,3,Kenya,100,Gulmarg Estate,60 kg,SAS: 6827 AB TOP,Kenya Coffee Traders Association,Sasini Coffee Mill,2023 / 2024,Grading Date,SASINI PLC,Eric Gatheca Gitau,1800-2100,SL28,KIAMBU,Completed,SASINI PLC,Washed / Wet,8.0,10.0,7.92,10.0,8.0,10.0,7.92,8.0,7.92,0.0,7.92,85.67,10 %,Greenish,0 full defects,2 full defects,0,"May 14th, 2025",Kenya Coffee Traders Association,"P.O. Box 646 00100Nairobi, Kenya, Denniss Pritt Road, Opposite St Georges Girls Secondary School",Benson Kibicho Kamau - +254 786 821 621,8.0,
1,3,Taiwan,1,大鋤花間咖啡生態農場(Dachu Coffee Estate),5 kg,2024臺南市國產精品咖啡評鑑批次,Taiwan Coffee Laboratory 台灣咖啡研究室,大鋤花間咖啡生態農場(Dachu Coffee Estate),2023 / 2024,Grading Date,Taiwan Coffee Laboratory,Taiwan Coffee Laboratory 台灣咖啡研究室,700,Venecia,"台南市東山區 Dongshan Dist., Tainan City",Completed,"郭雅聰(KUO,YA-TSUNG）",Natural / Dry,8.17,10.0,8.0,10.0,7.83,10.0,7.75,8.08,7.92,0.0,7.83,85.58,10.4 %,Green,0 full defects,0 full defects,0,"July 22nd, 2025",Taiwan Coffee Laboratory 台灣咖啡研究室,"QAHWAH CO., LTD 4F, No. 225, Sec. 3, Beixin Rd., Xindian Dist. New Taipei City, Taiwan","Lin, Jen-An Neil 林仁安 - 886-289116612",8.08,
1,3,Thailand,3,Yosniyom coffee,33 kg,Special Lot,Coffee Quality Institute,CMU Mill,2023 / 2024,Grading Date,Yosniyom coffee,Nathagrid Somboonkhamchoo,1250,"Catimor, Typica","Mae Daet Noi, Chiang Mai",Completed,Nathagrid Somboonkhamchoo,Natural / Dry,8.08,10.0,8.08,10.0,7.67,10.0,8.0,7.92,8.0,0.0,7.83,85.58,11 %,,0 full defects,0 full defects,0,"April 5th, 2025",Coffee Quality Institute,For project use only,Coffee Quality Institute - For project use only,7.92,
1,3,Taiwan,1,琥珀社咖啡莊園 Amber Coffee Estate,8 kg,"2024 Sustainable Specialty Coffee Farm Awards,S085",Taiwan Coffee Laboratory 台灣咖啡研究室,琥珀社咖啡莊園 Amber Coffee Estate,2024,Grading Date,Taiwan Coffee Laboratory,Taiwan Coffee Laboratory 台灣咖啡研究室,1020,SL34,"嘉義縣梅山鄉 Meishan Township, Chiayi County",Completed,"陳合德 CHEN,HE-DE",Natural / Dry,8.0,10.0,8.0,10.0,7.92,10.0,8.0,8.0,7.83,0.0,7.83,85.58,10.1 %,Pale Yellow,0 full defects,0 full defects,0,"October 29th, 2025",Taiwan Coffee Laboratory 台灣咖啡研究室,"QAHWAH CO., LTD 4F, No. 225, Sec. 3, Beixin Rd., Xindian Dist. New Taipei City, Taiwan","Lin, Jen-An Neil 林仁安 - 886-289116612",8.0,
1,3,Taiwan,1,花蓮縣秀林鄉特用作物(咖啡)產銷第一班The first group of special use in Xiulin Township,13 kg,2024花蓮縣第8屆精品咖啡評鑑批次,Taiwan Coffee Laboratory 台灣咖啡研究室,花蓮縣秀林鄉特用作物(咖啡)產銷第一班The first group of special use in Xiulin Township,2024,Grading Date,Taiwan Coffee Laboratory,Taiwan Coffee Laboratory 台灣咖啡研究室,200-400,Typica,"花蓮縣秀林鄉 Hualien County,Show Linxia Township",Completed,李志祥 (Li zhi-xiang),Pulped natural / honey,7.92,10.0,7.92,10.0,7.92,10.0,7.92,8.0,7.92,0.0,8.0,85.58,9.2 %,Blue-Green,0 full defects,0 full defects,0,"October 4th, 2025",Taiwan Coffee Laboratory 台灣咖啡研究室,"QAHWAH CO., LTD 4F, No. 225, Sec. 3, Beixin Rd., Xindian Dist. New Taipei City, Taiwan","Lin, Jen-An Neil 林仁安 - 886-289116612",8.0,
1,3,Indonesia,20,Joshua Tabuni,50 kg,1,5758 Coffee Lab,Joshua Tabuni,2024,Grading Date,Highland Roastery,Yafeth wetipo,1800,Bourbon,Papua,Completed,Joshua Tabuni,Washed / Wet,8.08,10.0,8.17,10.0,7.75,10.0,8.08,8.0,7.83,0.0,7.67,85.58,12.4 %,pale yellow,3 full defects,16 full defects,6,"July 16th, 2025",5758 Coffee Lab,"Rusa Pinus Raya E1-D, Jl. Pinus Raya Barat, Gegerkalong, Kota Bandung, Jawa Barat 40153, Indonesia",Adi W. Taroepratjeka - +62-8122021163,8.0,
1,3,Ethiopia,667,Mulugeta muntasha,60 kg,0001,Torch Coffee Company,Mulugeta muntasha,2023,010,明谦咖啡MingQian Coffee,zhouzhilai 周志来,2500 above,Ethiopian Heirlooms,Sidama,Completed,Mulugeta muntasha,Natural / Dry,8.0,10.0,8.17,10.0,7.83,10.0,7.92,8.0,7.67,0.0,7.92,85.5,10.3 %,yellow-green,0 full defects,5 full defects,0,"May 29th, 2025",Torch Coffee Company,云南省普洱市88龙生路公园1号108栋234室炬点咖啡实验室 T Torch Coffee Lab 88 Long Shen Building 105 Suite 234 Rd  Pu'er Yunnan China,Marty Pollack - +86 18287988435,8.0,"May 29th, 2024"
1,3,Panama,3,don robert,35 kg,blend003,IMPERATOR SRL - Green Trading Company,wet mill facility,2023,29-73-0054,Kimbo S.P.A.,alessandro marconicchio,1100-1500,Catuai,boquet,Completed,Robert jemeison,Dynamic Cherry,8.0,10.0,8.08,10.0,7.83,10.0,8.08,8.17,7.75,0.0,7.58,85.5,11.6 %,yellowish,0 full defects,3 full defects,0,"November 20th, 2025",IMPERATOR SRL - Green Trading Company,"IMPERATOR SRL, CAMPO DEL BELVEDERE 6",Alberto Polojac - 0039 040 3720115,8.17,"November 20th, 2024"
1,3,Thailand,40,Yosniyom Coffee,25 kg,May Big Lot,Coffee Quality Institute,Chiang Mai University,2023 / 2024,Grading Date,Yosniyom Coffee farm,Nathagrid Somboonkhamchoo,1250,Typica,"Mae Daet Noi, Chiang Mai",Completed,Nathagrid Somboonkhamchoo,Natural / Dry,8.08,10.0,8.0,10.0,7.67,10.0,8.0,7.83,8.08,0.0,7.83,85.5,8.6 %,,25 full defects,2 full defects,0,"July 12th, 2025",Coffee Quality Institute,For project use only,Coffee Quality Institute - For project use only,7.83,
1,3,Thailand,2,Toki Organic Farm,15 kg,MAR,Coffee Quality Institute,PANA Coffee,2023 / 2024,Grading Date,.,chukait hongarthan,.,"Typica, Catimor, Bourbon","Khun Mae Ruam, Galyani Vadhana, Chiang Mai",Completed,Chukait Hongarthan,Pulped natural / honey,7.92,10.0,8.08,10.0,7.83,10.0,7.92,7.83,8.0,0.0,7.92,85.5,9.9 %,,0 full defects,0 full defects,0,"April 5th, 2025",Coffee Quality Institute,For project use only,Coffee Quality Institute - For project use only,7.83,
1,3,Kenya,100,OAKLANDS,60 kg,KEH2726,Kenya Coffee Traders Association,ELDORET MILL,2023 / 2024,37/3075/406,Allegro Coffee,Allegro Coffee,1798,SL28,KIAMBU,Completed,C.DORMAN LTD,Washed / Wet,8.08,10.0,7.92,10.0,7.75,10.0,8.0,7.92,8.0,0.0,7.83,85.5,9.6 %,Green,0 full defects,3 full defects,0,"February 27th, 2025",Kenya Coffee Traders Association,"P.O. Box 646 00100Nairobi, Kenya, Denniss Pritt Road, Opposite St Georges Girls Secondary School",Benson Kibicho Kamau - +254 786 821 621,7.92,"February 28th, 2024"
1,3,Taiwan,1,東之選咖啡(Dong Zhi Xuan Coffee Estate ),5 kg,2024臺南市國產精品咖啡評鑑批次,Taiwan Coffee Laboratory 台灣咖啡研究室,東之選咖啡(Dong Zhi Xuan Coffee Estate ),2023 / 2024,Grading Date,Taiwan Coffee Laboratory,Taiwan Coffee Laboratory 台灣咖啡研究室,600,Gesha,"台南市東山區 Dongshan Dist., Tainan City",Completed,"羅梓綸(Luo,Zi- Lun)",Natural / Dry,8.0,10.0,8.0,10.0,7.83,10.0,7.83,8.25,7.67,0.0,7.83,85.42,10.9 %,Green,0 full defects,0 full defects,0,"July 22nd, 2025",Taiwan Coffee Laboratory 台灣咖啡研究室,"QAHWAH CO., LTD 4F, No. 225, Sec. 3, Beixin Rd., Xindian Dist. New Taipei City, Taiwan","Lin, Jen-An Neil 林仁安 - 886-289116612",8.25,
1,3,Taiwan,1,獵人書坊 Hunter Story Studio,8 kg,"2024 Sustainable Specialty Coffee Farm Awards,S087",Taiwan Coffee Laboratory 台灣咖啡研究室,獵人書坊 Hunter Story Studio,2024,Grading Date,Taiwan Coffee Laboratory,Taiwan Coffee Laboratory 台灣咖啡研究室,1250,Gesha,"嘉義縣阿里山鄉 Alishan Township, Chiayi County",Completed,"浦晨松 PU,CHEN-SONG",Washed / Wet,8.33,10.0,8.0,10.0,7.83,10.0,7.75,8.0,7.67,0.0,7.83,85.42,10.2 %,Yellow-Green,0 full defects,0 full defects,0,"October 29th, 2025",Taiwan Coffee Laboratory 台灣咖啡研究室,"QAHWAH CO., LTD 4F, No. 225, Sec. 3, Beixin Rd., Xindian Dist. New Taipei City, Taiwan","Lin, Jen-An Neil 林仁安 - 886-289116612",8.0,
1,3,Taiwan,1,晉揚欣金用心咖啡莊園 Jin Yun Gxin Coffee Manor,8 kg,"2024 Sustainable Specialty Coffee Farm Awards,S028",Taiwan Coffee Laboratory 台灣咖啡研究室,晉揚欣金用心咖啡莊園 Jin Yun Gxin Coffee Manor,2023,Grading Date,Taiwan Coffee Laboratory,Taiwan Coffee Laboratory 台灣咖啡研究室,800-1200,SL34,"嘉義縣梅山鄉 Meishan Township, Chiayi County",Completed,"洪欣延 HONG,SIN-YAN",Pulped natural / honey,7.75,10.0,8.0,10.0,7.92,10.0,8.0,8.08,7.83,0.0,7.83,85.42,10.4 %,Greenish,0 full defects,0 full defects,0,"October 29th, 2025",Taiwan Coffee Laboratory 台灣咖啡研究室,"QAHWAH CO., LTD 4F, No. 225, Sec. 3, Beixin Rd., Xindian Dist. New Taipei City, Taiwan","Lin, Jen-An Neil 林仁安 - 886-289116612",8.08,
1,3,Thailand,6,DOI NAN COFFEE FARM,5 kg,RR24005,Coffee Quality Union,DOI NAN COFFEE FARM,2023,Grading Date,ROLLING ROASTERS,ROLLING ROASTERS,1450,Java,NAN,Completed,DOI NAN COFFEE FARM,Washed / Wet,8.0,10.0,8.0,10.0,7.83,10.0,8.08,7.83,7.75,0.0,7.92,85.42,11.6 %,Greenish,0 full defects,2 full defects,1,"April 8th, 2025",Coffee Quality Union,3-24-9 Saiwai Otaru Hokkaido,Sakiko Kabeyama -,7.83,
1,3,Thailand,2,Tayan Homdok,25 kg,TCE,Coffee Quality Institute,Big Black Box Dry Mill Plant,2023 / 2024,Grading Date,"461 ,Moo. 7,Thung Chang, Thung Chang ,Nan, 55130",Tayan Homdok,1500,Typica,"Thung Chang, Nan",Completed,Tayan Homdok,Pulped natural / honey,7.92,10.0,7.92,10.0,8.0,10.0,7.83,7.83,7.83,0.0,8.08,85.42,10.2 %,Green,0 full defects,0 full defects,0,"September 19th, 2025",Coffee Quality Institute,For project use only,Coffee Quality Institute - For project use only,7.83,
1,3,Uganda,160,Bugisu Shamba,60 kg,035/170/5041126,Uganda Coffee Development Authority,Kawacom,2023 / 2024,Grading Date,Kawacom uganda LTD,Kawacom Uganda LTD,1400 - 1900,SL14,Mount Elgon,Completed,Kawacom Uganda Ltd,Washed / Wet,8.0,10.0,7.92,10.0,7.67,10.0,7.75,7.92,7.67,0.0,7.75,84.67,10.6 %,Green,0 full defects,0 full defects,0,"April 30th, 2025",Uganda Coffee Development Authority,"Coffee House, Plot 35, Jinja Road, P.O. Box 7267, Kampala, Uganda",Brenda Kamara Kemigisha Mangeni - 256773040119,7.92,
1,3,Thailand,41,89 Coffee&Tea,50 kg,May Big Lot,Coffee Quality Institute,89 Coffee&Tea,2023 / 2024,Grading Date,PC89 Coffee,Phichit Bunyuenphanakun,1300,Catimor,"Doi Wawee, Chiang Rai",Completed,Phichit Bunyuenphanakun,Natural / Dry,7.83,10.0,8.25,10.0,7.67,10.0,8.0,7.83,8.0,0.0,7.75,85.33,12.7 %,,0 full defects,0 full defects,0,"July 12th, 2025",Coffee Quality Institute,For project use only,Coffee Quality Institute - For project use only,7.83,
1,3,Thailand,6,DOI NAN COFFEE FARM,5 kg,RR24003,Coffee Quality Union,DOI NAN COFFEE FARM,2023,Grading Date,ROLLING ROASTERS,ROLLING ROASTERS,1450,Catimor,Nan,Completed,DOI NAN COFFEE FARM,Natural / Dry,7.92,10.0,8.0,10.0,7.83,10.0,8.0,8.0,7.75,0.0,7.83,85.33,10.8 %,Yellowish,0 full defects,1 full defects,1,"April 8th, 2025",Coffee Quality Union,3-24-9 Saiwai Otaru Hokkaido,Sakiko Kabeyama -,8.0,
1,3,Colombia,275,N/a,70 kg,NHOL-1322/24,NKG Quality Service (a division of Bernhard Rothfos Intercafé AG),Harvest Year,Unknown,Grading Date,Nestle Nespresso SA,Alexis Rodriguez,Variety,,Caldas,Completed,N/a,Washed / Wet,8.0,10.0,7.83,10.0,7.83,10.0,7.67,8.08,7.75,0.0,8.17,85.33,11.3 %,Bluish-Green,0 full defects,1 full defects,0,"May 20th, 2025",NKG Quality Service (a division of Bernhard Rothfos Intercafé AG),"Bahnhofstrasse 22 6300 Zug, Switzerland",Catherine Queiroz - +41 41 728 72 81,8.08,
1,3,Colombia,770,N / A,25 kg,3-0068-01122,ASOCIACIÓN COLOMBIANA PARA LA EXCELENCIA DEL CAFE,Trilladora Popayán,2023 / 2024,3-0068-01122,ECOM COLOMBIA,Raúl Vargas,1800,Caturra,Huila,Completed,Regional producers,Washed / Wet,8.0,10.0,7.83,10.0,7.83,10.0,8.0,7.92,8.08,0.0,7.67,85.33,11.2 %,Bluish-Green,3 full defects,4 full defects,0,"February 15th, 2025",ASOCIACIÓN COLOMBIANA PARA LA EXCELENCIA DEL CAFE,Calle 60A #3D-32 / Planta Baja / CQ Lab ASECC,Carlos Julian Ruiz - 3212026991,7.92,"February 16th, 2024"
1,3,Thailand,34,PHU DUEN COFFEE FARM,25 kg,May Big Lot,Coffee Quality Institute,PANA Coffee,2023 / 2024,Grading Date,Independent,Chawin Leungluesap,1200,Catimor,"Phu Chi Duean, Chiang Rai",Completed,Chawin Leungluesap,Natural / Dry,8.08,10.0,7.92,10.0,7.92,10.0,7.75,7.83,7.83,0.0,7.92,85.25,10.3 %,,0 full defects,2 full defects,0,"July 12th, 2025",Coffee Quality Institute,For project use only,Coffee Quality Institute - For project use only,7.83,
1,3,Thailand,1,Doi Tung Development Project,10 kg,Typica Natural Process (ICP Rank 2 - 2024),Specialty Coffee Institute of Thailand,Doi Tung Development Project,2023 / 2024,Grading Date,Mae Fah Luang Foundation,Sitthinadda Paphavasit,1200,Typica,"Mae Fah Luang, Chiang Rai",Completed,Tanawith Thirintong,Natural / Dry,8.0,10.0,8.0,10.0,7.92,10.0,7.83,7.83,7.83,0.0,7.83,85.25,9.4 %,Yellow-Green,0 full defects,0 full defects,0,"October 29th, 2025",Specialty Coffee Institute of Thailand,"No.76-82 Satri Wittaya 2 Soi 6, Ladplao, Bangkok 10230 Thailand","Rinlapat Siwachairot - +66 2 118 0811, +66 926462492",7.83,
1,3,Lao PDR,10,Coffilia Joint Stock Company,60 kg,01,Vietnam Commodity Control & Certification Joint Stock Company (VCC&C),Coffilia Joint Stock Company,2023 / 2024,Grading Date,Coffilia Joint Stock Company,Nguyen Minh Thang,1252,Gesha,"Paksong, Laos",Completed,Coffilia Joint Stock Company,Natural / Dry,8.0,10.0,7.92,10.0,7.67,10.0,7.92,8.0,7.92,0.0,7.83,85.25,12 %,Yellow - Green,0 full defects,1 full defects,0,"April 2nd, 2025",Vietnam Commodity Control & Certification Joint Stock Company (VCC&C),"1 G Dinh Bo Linh Street, 15 ward, Binh Thanh District, Ho Chi Minh City","Hai,Tran Quang. - 84 8 98 967 8708",8.0,
1,3,Kenya,960,TINGANGA ESTATE,60 kg,SAS: 7246 AA TOP,Kenya Coffee Traders Association,Sasini Coffee Mill,2024 / 2025,Grading Date,Sasini (K) Limited,Eric Gatheca Gitau,1800-2100,SL28,MT KENYA,Completed,SASINI PLC - TINGANGA ESTATE,Washed / Wet,8.0,10.0,7.92,10.0,7.75,10.0,7.75,7.92,7.83,0.0,8.0,85.17,11 %,Greenish,0 full defects,1 full defects,0,"January 21st, 2026",Kenya Coffee Traders Association,"P.O. Box 646 00100Nairobi, Kenya, Denniss Pritt Road, Opposite St Georges Girls Secondary School",Benson Kibicho Kamau - +254 786 821 621,7.92,
1,3,Taiwan,1,泥妲咖啡 Nita Coffee Manor,8 kg,"2024 Sustainable Specialty Coffee Farm Awards,S107",Taiwan Coffee Laboratory 台灣咖啡研究室,泥妲咖啡 Nita Coffee Manor,2024,Grading Date,Taiwan Coffee Laboratory,Taiwan Coffee Laboratory 台灣咖啡研究室,600,Typica,"花蓮縣秀林鄉 Xiulin Township, Hualien County",Completed,"戴豐秋 Dai,fong-ciou",Natural / Dry,8.0,10.0,7.92,10.0,7.67,10.0,7.92,7.92,7.75,0.0,8.0,85.17,10.4 %,Yellow-Green,0 full defects,0 full defects,1,"October 29th, 2025",Taiwan Coffee Laboratory 台灣咖啡研究室,"QAHWAH CO., LTD 4F, No. 225, Sec. 3, Beixin Rd., Xindian Dist. New Taipei City, Taiwan","Lin, Jen-An Neil 林仁安 - 886-289116612",7.92,
1,3,Thailand,3,Peera Panasupon,20 kg,TCE,Coffee Quality Institute,Big Black Box's Dry Mill Plant Sai Noi District,2023 / 2024,Grading Date,"77,Luang Nuea, Doi Saket ,Chiang Mai, 50220",Peera Panasupon,1200,Catimor,"Luang Nuea, Doi Saket, Chiang Mai",Completed,Peera Panasupon,Natural / Dry,7.92,10.0,8.0,10.0,7.83,10.0,7.92,7.83,7.92,0.0,7.75,85.17,8.9 %,,0 full defects,0 full defects,0,"September 19th, 2025",Coffee Quality Institute,For project use only,Coffee Quality Institute - For project use only,7.83,
1,3,Thailand,1,The KCEG,30 kg,Special Lot,Coffee Quality Institute,PANA Coffee,2023 / 2024,Grading Date,.,Uthai Jirakasem,1000 - 1400,"Typica, Catimor, Java","Ban Khunchangkian, Chiang Mai",Completed,Uthai Jirakasem,Natural / Dry,7.83,10.0,8.0,10.0,7.75,10.0,8.0,7.83,7.92,0.0,7.83,85.17,9.6 %,,0 full defects,0 full defects,0,"April 5th, 2025",Coffee Quality Institute,For project use only,Coffee Quality Institute - For project use only,7.83,
1,3,Thailand,1,Soyi coffee,20 kg,MAR,Coffee Quality Institute,PANA Coffee,2023 / 2024,Grading Date,.,Aphisit Bise,1350,"Bourbon, SL28","Pang Khon, Huay Chom Phu, Chiang Rai",Completed,Aphisit Bise,Washed / Wet,8.08,10.0,8.0,10.0,7.67,10.0,7.92,7.83,7.92,0.0,7.75,85.17,9.2 %,,0 full defects,0 full defects,0,"April 5th, 2025",Coffee Quality Institute,For project use only,Coffee Quality Institute - For project use only,7.83,
1,3,Vietnam,833,Tramhamin coffee cooperative,60 kg,1,HQJ Coffee School,Tramhamin coffee cooperative,2023 / 2024,Grading Date,HỢP TÁC XÃ CÀ PHÊ TRAMHAMIN,tramhamincoffee,1600,Catimor,"Trạm Hành, Đà Lạt, Lâm Đồng",Completed,BÙI TRÍ DŨNG,Washed / Wet,7.92,10.0,7.92,10.0,7.75,10.0,8.0,7.92,7.75,0.0,7.83,85.08,11.6 %,Green,0 full defects,3 full defects,0,"July 12th, 2025",HQJ Coffee School,"738 Su Van Hanh Ward 12, District 10 Hochiminh City Vietnam",Sam Choi - +84 906662008,7.92,
1,3,Thailand,4,Coffee De Hmong,25 kg,Special Lot,Coffee Quality Institute,Maneepruek Mill,2023 / 2024,Grading Date,Coffee De Hmong,Wichai Kamnerdmongkhon,1300,Typica,"Manipruek Natural Terrior, Nan",Completed,Wichai Kamnerdmongkon,Pulped natural / honey,7.83,10.0,8.0,10.0,7.67,10.0,7.92,7.83,7.92,0.0,7.92,85.08,9.8 %,,0 full defects,1 full defects,0,"April 5th, 2025",Coffee Quality Institute,For project use only,Coffee Quality Institute - For project use only,7.83,
1,3,Thailand,2,ไร่ดินดี tea&coffee,10 kg,1,Specialty Coffee Institute of Thailand,wet hull,2022 / 2023,Grading Date,Rai Dindee Tea&Coffee,Hassadin Merlae,1350,Catimor,Ban Doi-Ngam,Completed,Hassadin Merlae,Washed / Wet,7.92,10.0,8.0,10.0,7.83,10.0,7.92,7.83,7.83,0.0,7.75,85.08,9.5 %,,0 full defects,0 full defects,0,"November 7th, 2025",Specialty Coffee Institute of Thailand,"No.76-82 Satri Wittaya 2 Soi 6, Ladplao, Bangkok 10230 Thailand","Rinlapat Siwachairot - +66 2 118 0811, +66 926462492",7.83,
1,3,Kenya,1280,GULMARG ESTATE,60 kg,SAS: 7247 AB TOP,Kenya Coffee Traders Association,Sasini Coffee Mill,2024 / 2025,Grading Date,Sasini (K) Limited,Eric Gatheca Gitau,1800-2100,SL28,MT KENYA,Completed,SASINI PLC - GULMARG ESTATE,Washed / Wet,8.17,10.0,7.92,10.0,7.75,10.0,7.75,7.75,7.83,0.0,7.83,85.0,11 %,Greenish,0 full defects,5 full defects,0,"January 21st, 2026",Kenya Coffee Traders Association,"P.O. Box 646 00100Nairobi, Kenya, Denniss Pritt Road, Opposite St Georges Girls Secondary School",Benson Kibicho Kamau - +254 786 821 621,7.75,
1,3,Thailand,20,Jaisooksern farm,25 kg,May Big Lot,Coffee Quality Institute,Jaisooksern farm,2023 / 2024,Grading Date,Coffee Farmer,Sorasak Intakad,1000,Typica,"Doi Saket, Chiang Mai",Completed,Sorasak Intakad,Washed / Wet,7.58,10.0,7.92,10.0,7.75,10.0,8.08,7.83,8.08,0.0,7.75,85.0,9.6 %,,0 full defects,2 full defects,0,"July 12th, 2025",Coffee Quality Institute,For project use only,Coffee Quality Institute - For project use only,7.83,
1,3,Thailand,2,SOFT Coffee,25 kg,Wash Carbonic,Specialty Coffee Institute of Thailand,"Mogoju Bean co.,ltd.",2023 / 2024,Grading Date,SOFT Coffee,Radchadaporn,1200,"Catimor ,Typica, Bourbon","Omkoi,Chiangmai,Thailand",Completed,Ms.Radchadaporn Junprasert,Wash Carbonic Process,7.92,10.0,7.92,10.0,7.75,10.0,7.92,8.0,7.67,0.0,7.83,85.0,10.3 %,,0 full defects,0 full defects,0,"October 29th, 2025",Specialty Coffee Institute of Thailand,"No.76-82 Satri Wittaya 2 Soi 6, Ladplao, Bangkok 10230 Thailand","Rinlapat Siwachairot - +66 2 118 0811, +66 926462492",8.0,
1,3,Taiwan,1,一斗夢咖啡莊園 A Bucket of Dreams Coffee Manor,8 kg,"2024 Sustainable Specialty Coffee Farm Awards,S041",Taiwan Coffee Laboratory 台灣咖啡研究室,一斗夢咖啡莊園 A Bucket of Dreams Coffee Manor,2023 / 2024,Grading Date,Taiwan Coffee Laboratory,Taiwan Coffee Laboratory 台灣咖啡研究室,180,Typica,"花蓮縣壽豐鄉 Shoufeng Township, Hualien County",Completed,黃則恭 HUANG ZE GONG,Natural / Dry,7.83,10.0,7.83,10.0,7.83,10.0,7.83,8.0,7.75,0.0,7.92,85.0,11.2 %,Greenish,0 full defects,3 full defects,0,"October 29th, 2025",Taiwan Coffee Laboratory 台灣咖啡研究室,"QAHWAH CO., LTD 4F, No. 225, Sec. 3, Beixin Rd., Xindian Dist. New Taipei City, Taiwan","Lin, Jen-An Neil 林仁安 - 886-289116612",8.0,
1,3,Thailand,2,Sarawut Sawanyanuphap,25 kg,TCE,Coffee Quality Institute,Big Black Box Dry Mill Plant,2023 / 2024,Grading Date,"814,Mae Na Toeng, Pai ,Mae Hong Son, 58130",Sarawut Sawanyanuphap,1500,"Mixed:Typica, Bourbon, Catimor, Caturra, Java","Pai, Mae Hong Son",Completed,Sarawut Sawanyanuphap,Pulped natural / honey,7.58,10.0,7.92,10.0,7.92,10.0,8.08,7.92,7.83,0.0,7.75,85.0,10.8 %,,0 full defects,1 full defects,0,"September 19th, 2025",Coffee Quality Institute,For project use only,Coffee Quality Institute - For project use only,7.92,
1,3,Vietnam,58,RADAR FARM,60 kg,1,HQJ Coffee School,RADAR FARM,2023 / 2024,Grading Date,radar farm,Bùi Trí Dũng,1600,THA1,"Trạm Hành, Đà Lạt, Lâm Đồng",Completed,BÙI TRÍ DŨNG,Washed / Wet,7.83,10.0,8.0,10.0,7.58,10.0,8.0,7.92,7.92,0.0,7.75,85.0,11.3 %,Green,0 full defects,1 full defects,0,"July 12th, 2025",HQJ Coffee School,"738 Su Van Hanh Ward 12, District 10 Hochiminh City Vietnam",Sam Choi - +84 906662008,7.92,
1,3,Thailand,1,soomio farm,10 kg,1,Specialty Coffee Institute of Thailand,hulling,2022 / 2023,Grading Date,Soomio coffee farm,Sinthop Juepa,1480,Typica,Maesruai Chaingrai,Completed,sinthop juepa,Washed / Wet,7.83,10.0,7.92,10.0,7.92,10.0,7.92,7.67,7.92,0.0,7.83,85.0,10.8 %,,0 full defects,0 full defects,0,"October 29th, 2025",Specialty Coffee Institute of Thailand,"No.76-82 Satri Wittaya 2 Soi 6, Ladplao, Bangkok 10230 Thailand","Rinlapat Siwachairot - +66 2 118 0811, +66 926462492",7.67,
1,3,Taiwan,1,JinYunSinTeaCoffeeFarming,200 kg,Taiwan Chia-Yi GEASHA WASH BeanBorn Reserved,NKG Quality Service (a division of Bernhard Rothfos Intercafé AG),BeanBorn Corp. Ltd.,2023 / 2024,Grading Date,BeanBorn Corp. Ltd.,Jack Wang 王人傑,1000,Gesha,Taiwan Chia-Yi,Completed,JinYunSinTeaCoffeeFarming,Washed / Wet,7.83,10.0,7.92,10.0,7.75,10.0,7.92,7.92,7.83,0.0,7.83,85.0,11.6 %,Bluish-Green,0 full defects,0 full defects,0,"May 24th, 2025",NKG Quality Service (a division of Bernhard Rothfos Intercafé AG),"Bahnhofstrasse 22 6300 Zug, Switzerland",Catherine Queiroz - +41 41 728 72 81,7.92,
1,3,Taiwan,1,村長天池咖啡	(Zhang Chang Tian Chi Coffee Estate),5 kg,2024臺南市國產精品咖啡評鑑批次,Taiwan Coffee Laboratory 台灣咖啡研究室,村長天池咖啡	(Zhang Chang Tian Chi Coffee Estate),2023 / 2024,Grading Date,Taiwan Coffee Laboratory,Taiwan Coffee Laboratory 台灣咖啡研究室,700-800,Typica,"台南市東山區 Dongshan Dist., Tainan City",Completed,"陳水連(Chen,Shuei-Lian)",Natural / Dry,7.92,10.0,7.83,10.0,7.83,10.0,7.92,7.83,7.75,0.0,7.83,84.92,11.9 %,Yellowish,0 full defects,2 full defects,0,"July 22nd, 2025",Taiwan Coffee Laboratory 台灣咖啡研究室,"QAHWAH CO., LTD 4F, No. 225, Sec. 3, Beixin Rd., Xindian Dist. New Taipei City, Taiwan","Lin, Jen-An Neil 林仁安 - 886-289116612",7.83,
1,3,Thailand,4,89 Coffee and Tea,50 kg,Special Lot,Coffee Quality Institute,89 Coffee and Tea,2023 / 2024,Grading Date,89 Coffee and Tea,Phichit Bunyuenphanakun,1320,"Catimor, Typica, Bourbon","Doi Wawee, Chiang Rai",Completed,Phichit Bunyuenphanakun,Natural / Dry,8.0,10.0,7.92,10.0,7.58,10.0,7.83,7.92,7.83,0.0,7.83,84.92,10.5 %,,0 full defects,2 full defects,0,"April 5th, 2025",Coffee Quality Institute,For project use only,Coffee Quality Institute - For project use only,7.92,
1,3,Thailand,3,Wish Junprasert,20 kg,TCE,Coffee Quality Institute,Big Black Box's Dry Mill Plant Sai Noi District,2023 / 2024,Grading Date,SOFT Coffee,Wish Junprasert,1200,"Catimor, Typica, Bourbon","Omkoi, Chiang Mai",Completed,Wish Junprasert,Natural / Dry,7.75,10.0,8.0,10.0,7.75,10.0,7.92,7.83,7.75,0.0,7.92,84.92,10 %,,0 full defects,3 full defects,0,"September 19th, 2025",Coffee Quality Institute,For project use only,Coffee Quality Institute - For project use only,7.83,
1,3,Taiwan,1,青葉咖啡莊園 Ching Ye Coffee Estate,8 kg,"2024 Sustainable Specialty Coffee Farm Awards,S046",Taiwan Coffee Laboratory 台灣咖啡研究室,青葉咖啡莊園 Ching Ye Coffee Estate,2024,Grading Date,Taiwan Coffee Laboratory,Taiwan Coffee Laboratory 台灣咖啡研究室,1100,SL34,"嘉義縣梅山鄉 Meishan Township, Chiayi County",Completed,"葉世遠 YEH,SHIN-YUAN",Natural / Dry,7.83,10.0,7.92,10.0,7.92,10.0,8.0,7.83,7.75,0.0,7.67,84.92,10.6 %,Green,0 full defects,0 full defects,0,"October 29th, 2025",Taiwan Coffee Laboratory 台灣咖啡研究室,"QAHWAH CO., LTD 4F, No. 225, Sec. 3, Beixin Rd., Xindian Dist. New Taipei City, Taiwan","Lin, Jen-An Neil 林仁安 - 886-289116612",7.83,
1,3,Taiwan,1,馨晴咖啡莊園 Good Mood Coffee,8 kg,"2024 Sustainable Specialty Coffee Farm Awards,S122",Taiwan Coffee Laboratory 台灣咖啡研究室,馨晴咖啡莊園 Good Mood Coffee,2024,Grading Date,Taiwan Coffee Laboratory,Taiwan Coffee Laboratory 台灣咖啡研究室,900,Gesha,"南投縣國姓鄉 Guoxing Township, Nantou County",Completed,"黃美桃 Huang, Mei Tao",Natural / Dry,7.92,10.0,8.08,10.0,7.75,10.0,7.92,7.83,7.67,0.0,7.75,84.92,9.6 %,Greenish,0 full defects,0 full defects,0,"October 29th, 2025",Taiwan Coffee Laboratory 台灣咖啡研究室,"QAHWAH CO., LTD 4F, No. 225, Sec. 3, Beixin Rd., Xindian Dist. New Taipei City, Taiwan","Lin, Jen-An Neil 林仁安 - 886-289116612",7.83,
1,3,Vietnam,5,THY THY FARM,60 kg,1,HQJ Coffee School,THY THY FARM,2023 / 2024,Grading Date,ThyThy Farm,Lê Huyền Ngọc Thy,1550,TN9-TN10,"Trạm Hành, Cầu Đất, Đà Lạt, Lâm Đồng",Completed,Công Ty TNHH Cà Phê Sạch Intenso,Natural / Dry,7.83,10.0,7.92,10.0,7.75,10.0,7.92,7.83,7.83,0.0,7.83,84.92,10.9 %,Green,0 full defects,4 full defects,0,"July 12th, 2025",HQJ Coffee School,"738 Su Van Hanh Ward 12, District 10 Hochiminh City Vietnam",Sam Choi - +84 906662008,7.83,
1,3,Vietnam,10,Lang Biang Coffee Project,30 kg,AE1,STONE VILLAGE LAB VIETNAM,Lang Biang Coffee Project,2023 / 2024,Grading Date,Babros Coffee Works,BABROS COFFEE WORKS,1550,Catimor,"Lac Duong, Lam Dong",Completed,Lang Biang Coffee Project,Aerobic natural,8.08,10.0,7.92,10.0,7.58,10.0,8.0,7.92,7.67,0.0,7.75,84.92,11.5 %,Blue-Green,0 full defects,0 full defects,0,"August 13th, 2025",STONE VILLAGE LAB VIETNAM,THỊ TRẤN MĂNG ĐEN,STONE VILLAGE LAB VIETNAM - 0966005189,7.92,
1,3,Thailand,21,Ma Family Coffee Farm,50 kg,May Big Lot,Coffee Quality Institute,Ma Family Coffee,2023 / 2024,Grading Date,Ma-Family Coffee Farm,Asadawoot Yapaenggoo,1270,Catimor,"Pangkhon, Chiang Rai",Completed,Asadawoot Yapanggoo,Washed / Wet,7.75,10.0,8.0,10.0,7.67,10.0,7.92,7.83,8.0,0.0,7.75,84.92,10.3 %,,0 full defects,0 full defects,0,"July 12th, 2025",Coffee Quality Institute,For project use only,Coffee Quality Institute - For project use only,7.83,
1,3,Kenya,100,NGARIAMA,60 kg,KEH 2474,Kenya Coffee Traders Association,KIRINYAGA MILL,2023 / 2024,Grading Date,C. Dorman sez limited,Lydiah Mwangi,1600 - 1800,SL34,KIRINYAGA,Completed,NGARIAMA,Washed / Wet,7.83,10.0,7.67,10.0,7.83,10.0,7.92,7.92,7.92,0.0,7.83,84.92,10.6 %,Green,0 full defects,2 full defects,0,"February 12th, 2025",Kenya Coffee Traders Association,"P.O. Box 646 00100Nairobi, Kenya, Denniss Pritt Road, Opposite St Georges Girls Secondary School",Benson Kibicho Kamau - +254 786 821 621,7.92,
1,3,Thailand,2,Suthep Phithakanantakul,25 kg,TCE,Coffee Quality Institute,Big Black Box's Dry Mill Plant Sai Noi District,2023 / 2024,Grading Date,"62 Moo.11 ,Ban Manee Pruek,Ngop, Thung Chang ,Nan, 55130",Suthep Phithakanantakul,1400,Syrina,"Ngop,T hung Chang, Nan",Completed,Suthep Phithakanantakul,Washed / Wet,7.75,10.0,7.92,10.0,7.75,10.0,7.92,7.75,8.0,0.0,7.75,84.83,9.9 %,,0 full defects,0 full defects,0,"September 19th, 2025",Coffee Quality Institute,For project use only,Coffee Quality Institute - For project use only,7.75,
1,3,Taiwan,1,鄭美珠的黃波旁 咖啡莊園,8 kg,"2024 Sustainable Specialty Coffee Farm Awards,S090",Taiwan Coffee Laboratory 台灣咖啡研究室,鄭美珠的黃波旁 咖啡莊園,2024,Grading Date,Taiwan Coffee Laboratory,Taiwan Coffee Laboratory 台灣咖啡研究室,230,Yellow Bourbon,"花蓮縣瑞穗鄉 Ruisui Township, Hualien County",Completed,"鄭美珠 ZHENG,MEI-ZHU",Washed / Wet,7.92,10.0,7.92,10.0,7.75,10.0,7.83,7.83,7.75,0.0,7.83,84.83,10.8 %,Green,0 full defects,0 full defects,0,"October 29th, 2025",Taiwan Coffee Laboratory 台灣咖啡研究室,"QAHWAH CO., LTD 4F, No. 225, Sec. 3, Beixin Rd., Xindian Dist. New Taipei City, Taiwan","Lin, Jen-An Neil 林仁安 - 886-289116612",7.83,
1,3,Thailand,1,Phu Chi Duen,21 kg,Special Lot,Coffee Quality Institute,MOGOJU BEAN MILL,2019 / 2020,Grading Date,Phu Chi Duen,Phongsathorn Khunta,1450,Catimor,"Phu Chi Duen, Chiang Rai",Completed,Phongsathorn Khunta,Washed / Wet,7.67,10.0,7.83,10.0,7.67,10.0,7.92,7.83,7.92,0.0,8.0,84.83,11.4 %,,0 full defects,0 full defects,0,"April 5th, 2025",Coffee Quality Institute,For project use only,Coffee Quality Institute - For project use only,7.83,
1,3,Thailand,3,Asadawoot Yapaenggoo,20 kg,TCE,Coffee Quality Institute,Big Black Box's Dry Mill Plant Sai Noi District,2023 / 2024,Grading Date,Ma-Family Coffee Farm,Asadawoot Yapaenggoo,1270,Yellow Bourbon,"Huai Chomphu, Mueang Chiang Rai, Chiang Rai",Completed,Asadawoot Yapaenggoo,Natural / Dry,7.92,10.0,7.92,10.0,7.75,10.0,7.75,7.75,8.0,0.0,7.75,84.83,10 %,,0 full defects,4 full defects,0,"September 19th, 2025",Coffee Quality Institute,For project use only,Coffee Quality Institute - For project use only,7.75,
1,3,Costa Rica,275,Sumava,69 kg,EC105C,Specialty Coffee Association of Costa Rica,Sumava,2023 / 2024,Grading Date,Exclusive Coffee,Jose Javier Carmona Campos,1700,Caturra,West Valley,Completed,Francisco Mena Vilchez,Pulped natural / honey,7.75,10.0,7.83,10.0,7.83,10.0,8.0,7.83,7.83,0.0,7.75,84.83,10.5 %,Green,0 full defects,0 full defects,0,"June 20th, 2025",Specialty Coffee Association of Costa Rica,"Blvd Rohrmoser, de Prisma Dental 200 norte y 25 oeste, casa 21",Noelia Villalobos - (506) 2220 0685,7.83,
1,3,Vietnam,7,T'MĂNG DEENG GREEN COMPANY LIMITED,30 kg,TMD 001,STONE VILLAGE LAB VIETNAM,DRY MILL,2023 / 2024,Grading Date,T'MĂNG DEENG XANH FARM,s quality coffee lab (stone village),1200,Catimor,kontum,Completed,T'MĂNG DEENG GREEN COMPANY LIMITED,Natural / Dry,8.0,10.0,7.92,10.0,7.92,10.0,7.83,7.92,7.5,0.0,7.75,84.83,11 %,Green,0 full defects,1 full defects,1,"March 13th, 2025",STONE VILLAGE LAB VIETNAM,THỊ TRẤN MĂNG ĐEN,STONE VILLAGE LAB VIETNAM - 0966005189,7.92,
1,3,Colombia,600,EL PRADO,30 kg,3-59-0996,ASOCIACIÓN COLOMBIANA PARA LA EXCELENCIA DEL CAFE,NEIVA,2023 / 2024,3-59-0996,carcafe ltda,rodrigo amaya,1650,Caturra,HUILA,Completed,FRANKLIN DUSSAN,Washed / Wet,7.92,10.0,8.0,10.0,7.67,10.0,7.75,7.83,7.92,0.0,7.75,84.83,10.2 %,Greenish,0 full defects,0 full defects,2,"February 28th, 2025",ASOCIACIÓN COLOMBIANA PARA LA EXCELENCIA DEL CAFE,Calle 60A #3D-32 / Planta Baja / CQ Lab ASECC,Carlos Julian Ruiz - 3212026991,7.83,"February 29th, 2024"
1,3,Thailand,2,Mana Kamnerdmongkol,25 kg,TCE,Coffee Quality Institute,Big Black Box Dry Mill Plant,2023 / 2024,Grading Date,"5/1 ,Moo. 11,Ngop, Thung Chang ,Nan, 55130",Mana Kamnerdmongkol,1400,IPR107 Syrina,"Thung Chang,Nan",Completed,Mana Kamnerdmongkol,Pulped natural / honey,7.58,10.0,8.0,10.0,7.75,10.0,7.83,7.92,8.0,0.0,7.75,84.83,9.5 %,,0 full defects,3 full defects,0,"September 19th, 2025",Coffee Quality Institute,For project use only,Coffee Quality Institute - For project use only,7.92,
1,3,Thailand,3,Chukiat Hongarthan,20 kg,TCE,Coffee Quality Institute,Big Black Box's Dry Mill Plant Sai Noi District,2023 / 2024,Grading Date,"92,Chaem Luang, Galyani Vadhana ,Chiang Mai, 58130",Chukiat Hongarthan,1600,"Typica, Catimor, Bourbon","Chaem Luang, Galyani Vadhana, Chiang Mai",Completed,Chukiat Hongarthan,Natural / Dry,8.08,10.0,7.92,10.0,7.67,10.0,7.92,7.83,7.67,0.0,7.67,84.75,9.9 %,,0 full defects,1 full defects,0,"September 19th, 2025",Coffee Quality Institute,For project use only,Coffee Quality Institute - For project use only,7.83,
1,3,Thailand,12,Forest Coffee beans,25 kg,Special Lot,Coffee Quality Institute,PANA Coffee,2023 / 2024,Grading Date,Forest Coffee beans,Seksan Dicho,1250,"Bourbon, Typica","Omkoi, Chiang Mai",Completed,Seksan Dicho,Natural / Dry,7.67,10.0,7.92,10.0,7.67,10.0,8.08,7.83,7.83,0.0,7.75,84.75,11.6 %,,0 full defects,0 full defects,0,"April 5th, 2025",Coffee Quality Institute,For project use only,Coffee Quality Institute - For project use only,7.83,
1,3,Colombia,275,N / A,70 kg,3-068-01185,ASOCIACIÓN COLOMBIANA PARA LA EXCELENCIA DEL CAFE,Trilladora Popayán,2023 / 2024,3-068-01185,ECOM COLOMBIA,Raúl Vargas,1800,Caturra,Cauca,Completed,Regional producers,Washed / Wet,8.0,10.0,7.83,10.0,7.75,10.0,7.92,7.92,7.67,0.0,7.67,84.75,11.1 %,Green,0 full defects,4 full defects,0,"July 17th, 2025",ASOCIACIÓN COLOMBIANA PARA LA EXCELENCIA DEL CAFE,Calle 60A #3D-32 / Planta Baja / CQ Lab ASECC,Carlos Julian Ruiz - 3212026991,7.92,"July 17th, 2024"
1,3,Thailand,2,Sinthop Juepa,25 kg,TCE,Coffee Quality Institute,Big Black Box's Dry Mill Plant Sai Noi District,2023 / 2024,Grading Date,"266 Moo.25, Ban Mae Jan Tai,Tha Ko, Mae Suai ,Chiang Rai, 57180",Sinthop Juepa,1450,"Mixed: Typica, Bourbon","Tha Ko, Mae Suai, Chiang Rai",Completed,Sinthop Juepa,Washed / Wet,7.83,10.0,7.83,10.0,7.75,10.0,7.92,7.83,7.67,0.0,7.92,84.75,10.1 %,,0 full defects,5 full defects,0,"September 19th, 2025",Coffee Quality Institute,For project use only,Coffee Quality Institute - For project use only,7.83,
1,3,Taiwan,1,龍眼林九號,8 kg,"2024 Sustainable Specialty Coffee Farm Awards,S099",Taiwan Coffee Laboratory 台灣咖啡研究室,龍眼林九號,2024,Grading Date,Taiwan Coffee Laboratory,Taiwan Coffee Laboratory 台灣咖啡研究室,950,SL34,"嘉義縣梅山鄉 Meishan Township, Chiayi County",Completed,"曾啓榮 ZENG,QI-RONG",Natural / Dry,7.75,10.0,7.92,10.0,7.75,10.0,7.83,8.0,7.75,0.0,7.75,84.75,10.2 %,Yellow-Green,0 full defects,0 full defects,0,"October 29th, 2025",Taiwan Coffee Laboratory 台灣咖啡研究室,"QAHWAH CO., LTD 4F, No. 225, Sec. 3, Beixin Rd., Xindian Dist. New Taipei City, Taiwan","Lin, Jen-An Neil 林仁安 - 886-289116612",8.0,
1,3,Thailand,3,Chaloemwong Yapangkoo,20 kg,TCE,Coffee Quality Institute,Big Black Box's Dry Mill Plant Sai Noi District,2023 / 2024,Grading Date,"42,Huai Chomphu, Mueang Chiang Rai ,Chiang Rai, 57000",Chaloemwong Yapangkoo,1350,"Bourbon, Catimor","Huai Chomphu, Mueang Chiang Rai, Chiang Rai",Completed,Chaloemwong Yapangkoo,Natural / Dry,8.0,10.0,7.75,10.0,7.75,10.0,7.83,7.75,7.75,0.0,7.92,84.75,10.8 %,,0 full defects,1 full defects,0,"September 19th, 2025",Coffee Quality Institute,For project use only,Coffee Quality Institute - For project use only,7.75,
1,3,Thailand,7,Phupha Estate,30 kg,Special Lot,Coffee Quality Institute,PANA Coffee,2023 / 2024,Grading Date,Phupha Estate,Kantima Tadplevthong,1400,"Typica, Bourbon, Catuai, Caturra","Doi Saket, Chiang Mai",Completed,Kantima Tadplevthong,Washed / Wet,7.67,10.0,8.0,10.0,7.58,10.0,7.92,7.83,7.92,0.0,7.83,84.75,10.7 %,,0 full defects,1 full defects,0,"April 5th, 2025",Coffee Quality Institute,For project use only,Coffee Quality Institute - For project use only,7.83,
1,3,Vietnam,50,Madam Hương Coffee- An Việt Farm,60 kg,1,HQJ Coffee School,Madam Hương Coffee- An Việt Farm,2023 / 2024,Grading Date,Madam Hương Coffee - An Việt Farm,Madam Hương Coffee,670,Catimor,"Hướng Phùng, Hướng Hóa, Quảng Trị",Completed,Trần Mai Hương,Natural / Dry,7.92,10.0,7.83,10.0,7.75,10.0,7.75,7.83,7.92,0.0,7.75,84.75,11 %,Green,0 full defects,3 full defects,0,"July 12th, 2025",HQJ Coffee School,"738 Su Van Hanh Ward 12, District 10 Hochiminh City Vietnam",Sam Choi - +84 906662008,7.83,
1,3,Thailand,2,Lungdit coffee farm,10 kg,Special Lot,Coffee Quality Institute,PANA Coffee,2023 / 2024,Grading Date,.,Wanthani Sibunpan,1100 - 1200,Yellow Bourbon,"Ban Khun Lao, Wiang Pa Pao, Chiang Rai",Completed,Wanthani Sibunpan,Pulped natural / honey,7.67,10.0,7.75,10.0,7.58,10.0,7.92,7.83,7.83,0.0,7.67,84.25,10.3 %,,0 full defects,0 full defects,0,"April 5th, 2025",Coffee Quality Institute,For project use only,Coffee Quality Institute - For project use only,7.83,
1,3,Thailand,34,Homhoh farm,30 kg,May Big Lot,Coffee Quality Institute,Mogoju Bean,2023 / 2024,Grading Date,Independent,Manop Phiarchobphai,1100,Catimor,"Mae Sariang, Mae Hong Son",Completed,Manop Phiarchobphai,Washed / Wet,7.83,10.0,7.92,10.0,7.75,10.0,7.75,7.67,7.92,0.0,7.83,84.67,10.7 %,,0 full defects,0 full defects,0,"July 12th, 2025",Coffee Quality Institute,For project use only,Coffee Quality Institute - For project use only,7.67,
1,3,Thailand,27,Phupha Estate,20 kg,May Big Lot,Coffee Quality Institute,PANA Coffee,2023 / 2024,Grading Date,Phupha Estate,Kantima Tadplevthong,1400,"Mixed Variety: Typica, Bourbon, Catuai, Caturra","Doi Saket,Chiang Mai",Completed,Kantima Tadplevthong,Washed / Wet,7.67,10.0,7.92,10.0,7.75,10.0,7.67,8.0,7.92,0.0,7.75,84.67,10.3 %,,0 full defects,3 full defects,0,"July 12th, 2025",Coffee Quality Institute,For project use only,Coffee Quality Institute - For project use only,8.0,
1,3,Ethiopia,320,Kore,60 kg,Kore,Taiwan Coffee Laboratory 台灣咖啡研究室,Kore,2023,010/0148/0933,Taiwan Coffee Laboratory,Taiwan Coffee Laboratory 台灣咖啡研究室,2000,Kurume,Yirgacheffe Kochere Beloya,Completed,Tracon,Washed / Wet,7.83,10.0,7.92,10.0,7.83,10.0,7.83,7.83,7.67,0.0,7.75,84.67,10.5 %,Yellow-Green,0 full defects,1 full defects,0,"November 27th, 2025",Taiwan Coffee Laboratory 台灣咖啡研究室,"QAHWAH CO., LTD 4F, No. 225, Sec. 3, Beixin Rd., Xindian Dist. New Taipei City, Taiwan","Lin, Jen-An Neil 林仁安 - 886-289116612",7.83,"November 27th, 2024"
